fit_id,family,base,seed,train_folds,evaluation_fold,region,training_posts,evaluation_posts,training_share_all_posts,evaluation_share_all_posts,evaluation_missing_region,training_below_reference_count_threshold,evaluation_below_reference_count_threshold,reference_count_threshold,vmf_effective_training_mass,vmf_concentration,event_window_posts,event_window_support_status
spherical_kmeans_k10_seed11_trainA,spherical_kmeans,spherical_kmeans_k10,11,A,B,0,1319,1291,0.06595,0.06455,0,0,0,30,,,,unavailable
spherical_kmeans_k10_seed11_trainA,spherical_kmeans,spherical_kmeans_k10,11,A,B,1,1840,1867,0.092,0.09335,0,0,0,30,,,,unavailable
spherical_kmeans_k10_seed11_trainA,spherical_kmeans,spherical_kmeans_k10,11,A,B,2,1726,1725,0.0863,0.08625,0,0,0,30,,,,unavailable
spherical_kmeans_k10_seed11_trainA,spherical_kmeans,spherical_kmeans_k10,11,A,B,3,1887,1822,0.09435,0.0911,0,0,0,30,,,,unavailable
spherical_kmeans_k10_seed11_trainA,spherical_kmeans,spherical_kmeans_k10,11,A,B,4,2641,2679,0.13205,0.13395,0,0,0,30,,,,unavailable
spherical_kmeans_k10_seed11_trainA,spherical_kmeans,spherical_kmeans_k10,11,A,B,5,2327,2338,0.11635,0.1169,0,0,0,30,,,,unavailable
spherical_kmeans_k10_seed11_trainA,spherical_kmeans,spherical_kmeans_k10,11,A,B,6,1788,1829,0.0894,0.09145,0,0,0,30,,,,unavailable
spherical_kmeans_k10_seed11_trainA,spherical_kmeans,spherical_kmeans_k10,11,A,B,7,2521,2470,0.12605,0.1235,0,0,0,30,,,,unavailable
spherical_kmeans_k10_seed11_trainA,spherical_kmeans,spherical_kmeans_k10,11,A,B,8,1782,1866,0.0891,0.0933,0,0,0,30,,,,unavailable
spherical_kmeans_k10_seed11_trainA,spherical_kmeans,spherical_kmeans_k10,11,A,B,9,2169,2113,0.10845,0.10565,0,0,0,30,,,,unavailable
spherical_kmeans_k10_seed11_trainA,spherical_kmeans,spherical_kmeans_k10,11,A,C,0,1319,1325,0.06595,0.06625,0,0,0,30,,,,unavailable
spherical_kmeans_k10_seed11_trainA,spherical_kmeans,spherical_kmeans_k10,11,A,C,1,1840,1876,0.092,0.0938,0,0,0,30,,,,unavailable
spherical_kmeans_k10_seed11_trainA,spherical_kmeans,spherical_kmeans_k10,11,A,C,2,1726,1753,0.0863,0.08765,0,0,0,30,,,,unavailable
spherical_kmeans_k10_seed11_trainA,spherical_kmeans,spherical_kmeans_k10,11,A,C,3,1887,1864,0.09435,0.0932,0,0,0,30,,,,unavailable
spherical_kmeans_k10_seed11_trainA,spherical_kmeans,spherical_kmeans_k10,11,A,C,4,2641,2687,0.13205,0.13435,0,0,0,30,,,,unavailable
spherical_kmeans_k10_seed11_trainA,spherical_kmeans,spherical_kmeans_k10,11,A,C,5,2327,2325,0.11635,0.11625,0,0,0,30,,,,unavailable
spherical_kmeans_k10_seed11_trainA,spherical_kmeans,spherical_kmeans_k10,11,A,C,6,1788,1837,0.0894,0.09185,0,0,0,30,,,,unavailable
spherical_kmeans_k10_seed11_trainA,spherical_kmeans,spherical_kmeans_k10,11,A,C,7,2521,2408,0.12605,0.1204,0,0,0,30,,,,unavailable
spherical_kmeans_k10_seed11_trainA,spherical_kmeans,spherical_kmeans_k10,11,A,C,8,1782,1790,0.0891,0.0895,0,0,0,30,,,,unavailable
spherical_kmeans_k10_seed11_trainA,spherical_kmeans,spherical_kmeans_k10,11,A,C,9,2169,2135,0.10845,0.10675,0,0,0,30,,,,unavailable
spherical_kmeans_k10_seed29_trainA,spherical_kmeans,spherical_kmeans_k10,29,A,B,0,1283,1270,0.06415,0.0635,0,0,0,30,,,,unavailable
spherical_kmeans_k10_seed29_trainA,spherical_kmeans,spherical_kmeans_k10,29,A,B,1,3653,3683,0.18265,0.18415,0,0,0,30,,,,unavailable
spherical_kmeans_k10_seed29_trainA,spherical_kmeans,spherical_kmeans_k10,29,A,B,2,2401,2350,0.12005,0.1175,0,0,0,30,,,,unavailable
spherical_kmeans_k10_seed29_trainA,spherical_kmeans,spherical_kmeans_k10,29,A,B,3,1379,1362,0.06895,0.0681,0,0,0,30,,,,unavailable
spherical_kmeans_k10_seed29_trainA,spherical_kmeans,spherical_kmeans_k10,29,A,B,4,1037,1051,0.05185,0.05255,0,0,0,30,,,,unavailable
spherical_kmeans_k10_seed29_trainA,spherical_kmeans,spherical_kmeans_k10,29,A,B,5,2091,2027,0.10455,0.10135,0,0,0,30,,,,unavailable
spherical_kmeans_k10_seed29_trainA,spherical_kmeans,spherical_kmeans_k10,29,A,B,6,1724,1694,0.0862,0.0847,0,0,0,30,,,,unavailable
spherical_kmeans_k10_seed29_trainA,spherical_kmeans,spherical_kmeans_k10,29,A,B,7,2772,2790,0.1386,0.1395,0,0,0,30,,,,unavailable
spherical_kmeans_k10_seed29_trainA,spherical_kmeans,spherical_kmeans_k10,29,A,B,8,1702,1722,0.0851,0.0861,0,0,0,30,,,,unavailable
spherical_kmeans_k10_seed29_trainA,spherical_kmeans,spherical_kmeans_k10,29,A,B,9,1958,2051,0.0979,0.10255,0,0,0,30,,,,unavailable
spherical_kmeans_k10_seed29_trainA,spherical_kmeans,spherical_kmeans_k10,29,A,C,0,1283,1266,0.06415,0.0633,0,0,0,30,,,,unavailable
spherical_kmeans_k10_seed29_trainA,spherical_kmeans,spherical_kmeans_k10,29,A,C,1,3653,3746,0.18265,0.1873,0,0,0,30,,,,unavailable
spherical_kmeans_k10_seed29_trainA,spherical_kmeans,spherical_kmeans_k10,29,A,C,2,2401,2361,0.12005,0.11805,0,0,0,30,,,,unavailable
spherical_kmeans_k10_seed29_trainA,spherical_kmeans,spherical_kmeans_k10,29,A,C,3,1379,1402,0.06895,0.0701,0,0,0,30,,,,unavailable
spherical_kmeans_k10_seed29_trainA,spherical_kmeans,spherical_kmeans_k10,29,A,C,4,1037,1061,0.05185,0.05305,0,0,0,30,,,,unavailable
spherical_kmeans_k10_seed29_trainA,spherical_kmeans,spherical_kmeans_k10,29,A,C,5,2091,2038,0.10455,0.1019,0,0,0,30,,,,unavailable
spherical_kmeans_k10_seed29_trainA,spherical_kmeans,spherical_kmeans_k10,29,A,C,6,1724,1678,0.0862,0.0839,0,0,0,30,,,,unavailable
spherical_kmeans_k10_seed29_trainA,spherical_kmeans,spherical_kmeans_k10,29,A,C,7,2772,2782,0.1386,0.1391,0,0,0,30,,,,unavailable
spherical_kmeans_k10_seed29_trainA,spherical_kmeans,spherical_kmeans_k10,29,A,C,8,1702,1694,0.0851,0.0847,0,0,0,30,,,,unavailable
spherical_kmeans_k10_seed29_trainA,spherical_kmeans,spherical_kmeans_k10,29,A,C,9,1958,1972,0.0979,0.0986,0,0,0,30,,,,unavailable
spherical_kmeans_k20_seed11_trainA,spherical_kmeans,spherical_kmeans_k20,11,A,B,0,596,590,0.0298,0.0295,0,0,0,30,,,,unavailable
spherical_kmeans_k20_seed11_trainA,spherical_kmeans,spherical_kmeans_k20,11,A,B,1,941,945,0.04705,0.04725,0,0,0,30,,,,unavailable
spherical_kmeans_k20_seed11_trainA,spherical_kmeans,spherical_kmeans_k20,11,A,B,2,1097,1094,0.05485,0.0547,0,0,0,30,,,,unavailable
spherical_kmeans_k20_seed11_trainA,spherical_kmeans,spherical_kmeans_k20,11,A,B,3,1316,1240,0.0658,0.062,0,0,0,30,,,,unavailable
spherical_kmeans_k20_seed11_trainA,spherical_kmeans,spherical_kmeans_k20,11,A,B,4,1386,1458,0.0693,0.0729,0,0,0,30,,,,unavailable
spherical_kmeans_k20_seed11_trainA,spherical_kmeans,spherical_kmeans_k20,11,A,B,5,722,756,0.0361,0.0378,0,0,0,30,,,,unavailable
spherical_kmeans_k20_seed11_trainA,spherical_kmeans,spherical_kmeans_k20,11,A,B,6,982,987,0.0491,0.04935,0,0,0,30,,,,unavailable
spherical_kmeans_k20_seed11_trainA,spherical_kmeans,spherical_kmeans_k20,11,A,B,7,1181,1178,0.05905,0.0589,0,0,0,30,,,,unavailable
spherical_kmeans_k20_seed11_trainA,spherical_kmeans,spherical_kmeans_k20,11,A,B,8,696,689,0.0348,0.03445,0,0,0,30,,,,unavailable
spherical_kmeans_k20_seed11_trainA,spherical_kmeans,spherical_kmeans_k20,11,A,B,9,1222,1206,0.0611,0.0603,0,0,0,30,,,,unavailable
spherical_kmeans_k20_seed11_trainA,spherical_kmeans,spherical_kmeans_k20,11,A,B,10,1233,1227,0.06165,0.06135,0,0,0,30,,,,unavailable
spherical_kmeans_k20_seed11_trainA,spherical_kmeans,spherical_kmeans_k20,11,A,B,11,975,984,0.04875,0.0492,0,0,0,30,,,,unavailable
spherical_kmeans_k20_seed11_trainA,spherical_kmeans,spherical_kmeans_k20,11,A,B,12,1226,1251,0.0613,0.06255,0,0,0,30,,,,unavailable
spherical_kmeans_k20_seed11_trainA,spherical_kmeans,spherical_kmeans_k20,11,A,B,13,623,629,0.03115,0.03145,0,0,0,30,,,,unavailable
spherical_kmeans_k20_seed11_trainA,spherical_kmeans,spherical_kmeans_k20,11,A,B,14,1037,1068,0.05185,0.0534,0,0,0,30,,,,unavailable
spherical_kmeans_k20_seed11_trainA,spherical_kmeans,spherical_kmeans_k20,11,A,B,15,629,668,0.03145,0.0334,0,0,0,30,,,,unavailable
spherical_kmeans_k20_seed11_trainA,spherical_kmeans,spherical_kmeans_k20,11,A,B,16,1291,1287,0.06455,0.06435,0,0,0,30,,,,unavailable
spherical_kmeans_k20_seed11_trainA,spherical_kmeans,spherical_kmeans_k20,11,A,B,17,852,858,0.0426,0.0429,0,0,0,30,,,,unavailable
spherical_kmeans_k20_seed11_trainA,spherical_kmeans,spherical_kmeans_k20,11,A,B,18,1010,1018,0.0505,0.0509,0,0,0,30,,,,unavailable
spherical_kmeans_k20_seed11_trainA,spherical_kmeans,spherical_kmeans_k20,11,A,B,19,985,867,0.04925,0.04335,0,0,0,30,,,,unavailable
spherical_kmeans_k20_seed11_trainA,spherical_kmeans,spherical_kmeans_k20,11,A,C,0,596,604,0.0298,0.0302,0,0,0,30,,,,unavailable
spherical_kmeans_k20_seed11_trainA,spherical_kmeans,spherical_kmeans_k20,11,A,C,1,941,947,0.04705,0.04735,0,0,0,30,,,,unavailable
spherical_kmeans_k20_seed11_trainA,spherical_kmeans,spherical_kmeans_k20,11,A,C,2,1097,1079,0.05485,0.05395,0,0,0,30,,,,unavailable
spherical_kmeans_k20_seed11_trainA,spherical_kmeans,spherical_kmeans_k20,11,A,C,3,1316,1227,0.0658,0.06135,0,0,0,30,,,,unavailable
spherical_kmeans_k20_seed11_trainA,spherical_kmeans,spherical_kmeans_k20,11,A,C,4,1386,1481,0.0693,0.07405,0,0,0,30,,,,unavailable
spherical_kmeans_k20_seed11_trainA,spherical_kmeans,spherical_kmeans_k20,11,A,C,5,722,721,0.0361,0.03605,0,0,0,30,,,,unavailable
spherical_kmeans_k20_seed11_trainA,spherical_kmeans,spherical_kmeans_k20,11,A,C,6,982,974,0.0491,0.0487,0,0,0,30,,,,unavailable
spherical_kmeans_k20_seed11_trainA,spherical_kmeans,spherical_kmeans_k20,11,A,C,7,1181,1139,0.05905,0.05695,0,0,0,30,,,,unavailable
spherical_kmeans_k20_seed11_trainA,spherical_kmeans,spherical_kmeans_k20,11,A,C,8,696,707,0.0348,0.03535,0,0,0,30,,,,unavailable
spherical_kmeans_k20_seed11_trainA,spherical_kmeans,spherical_kmeans_k20,11,A,C,9,1222,1198,0.0611,0.0599,0,0,0,30,,,,unavailable
spherical_kmeans_k20_seed11_trainA,spherical_kmeans,spherical_kmeans_k20,11,A,C,10,1233,1242,0.06165,0.0621,0,0,0,30,,,,unavailable
spherical_kmeans_k20_seed11_trainA,spherical_kmeans,spherical_kmeans_k20,11,A,C,11,975,967,0.04875,0.04835,0,0,0,30,,,,unavailable
spherical_kmeans_k20_seed11_trainA,spherical_kmeans,spherical_kmeans_k20,11,A,C,12,1226,1248,0.0613,0.0624,0,0,0,30,,,,unavailable
spherical_kmeans_k20_seed11_trainA,spherical_kmeans,spherical_kmeans_k20,11,A,C,13,623,615,0.03115,0.03075,0,0,0,30,,,,unavailable
spherical_kmeans_k20_seed11_trainA,spherical_kmeans,spherical_kmeans_k20,11,A,C,14,1037,1039,0.05185,0.05195,0,0,0,30,,,,unavailable
spherical_kmeans_k20_seed11_trainA,spherical_kmeans,spherical_kmeans_k20,11,A,C,15,629,657,0.03145,0.03285,0,0,0,30,,,,unavailable
spherical_kmeans_k20_seed11_trainA,spherical_kmeans,spherical_kmeans_k20,11,A,C,16,1291,1291,0.06455,0.06455,0,0,0,30,,,,unavailable
spherical_kmeans_k20_seed11_trainA,spherical_kmeans,spherical_kmeans_k20,11,A,C,17,852,891,0.0426,0.04455,0,0,0,30,,,,unavailable
spherical_kmeans_k20_seed11_trainA,spherical_kmeans,spherical_kmeans_k20,11,A,C,18,1010,991,0.0505,0.04955,0,0,0,30,,,,unavailable
spherical_kmeans_k20_seed11_trainA,spherical_kmeans,spherical_kmeans_k20,11,A,C,19,985,982,0.04925,0.0491,0,0,0,30,,,,unavailable
spherical_kmeans_k20_seed29_trainA,spherical_kmeans,spherical_kmeans_k20,29,A,B,0,610,608,0.0305,0.0304,0,0,0,30,,,,unavailable
spherical_kmeans_k20_seed29_trainA,spherical_kmeans,spherical_kmeans_k20,29,A,B,1,769,803,0.03845,0.04015,0,0,0,30,,,,unavailable
spherical_kmeans_k20_seed29_trainA,spherical_kmeans,spherical_kmeans_k20,29,A,B,2,780,758,0.039,0.0379,0,0,0,30,,,,unavailable
spherical_kmeans_k20_seed29_trainA,spherical_kmeans,spherical_kmeans_k20,29,A,B,3,1033,1055,0.05165,0.05275,0,0,0,30,,,,unavailable
spherical_kmeans_k20_seed29_trainA,spherical_kmeans,spherical_kmeans_k20,29,A,B,4,715,715,0.03575,0.03575,0,0,0,30,,,,unavailable
spherical_kmeans_k20_seed29_trainA,spherical_kmeans,spherical_kmeans_k20,29,A,B,5,1036,1024,0.0518,0.0512,0,0,0,30,,,,unavailable
spherical_kmeans_k20_seed29_trainA,spherical_kmeans,spherical_kmeans_k20,29,A,B,6,1030,998,0.0515,0.0499,0,0,0,30,,,,unavailable
spherical_kmeans_k20_seed29_trainA,spherical_kmeans,spherical_kmeans_k20,29,A,B,7,1341,1299,0.06705,0.06495,0,0,0,30,,,,unavailable
spherical_kmeans_k20_seed29_trainA,spherical_kmeans,spherical_kmeans_k20,29,A,B,8,824,843,0.0412,0.04215,0,0,0,30,,,,unavailable
spherical_kmeans_k20_seed29_trainA,spherical_kmeans,spherical_kmeans_k20,29,A,B,9,895,893,0.04475,0.04465,0,0,0,30,,,,unavailable
spherical_kmeans_k20_seed29_trainA,spherical_kmeans,spherical_kmeans_k20,29,A,B,10,2136,2237,0.1068,0.11185,0,0,0,30,,,,unavailable
spherical_kmeans_k20_seed29_trainA,spherical_kmeans,spherical_kmeans_k20,29,A,B,11,610,605,0.0305,0.03025,0,0,0,30,,,,unavailable
spherical_kmeans_k20_seed29_trainA,spherical_kmeans,spherical_kmeans_k20,29,A,B,12,1489,1510,0.07445,0.0755,0,0,0,30,,,,unavailable
spherical_kmeans_k20_seed29_trainA,spherical_kmeans,spherical_kmeans_k20,29,A,B,13,874,895,0.0437,0.04475,0,0,0,30,,,,unavailable
spherical_kmeans_k20_seed29_trainA,spherical_kmeans,spherical_kmeans_k20,29,A,B,14,752,748,0.0376,0.0374,0,0,0,30,,,,unavailable
spherical_kmeans_k20_seed29_trainA,spherical_kmeans,spherical_kmeans_k20,29,A,B,15,1079,1055,0.05395,0.05275,0,0,0,30,,,,unavailable
spherical_kmeans_k20_seed29_trainA,spherical_kmeans,spherical_kmeans_k20,29,A,B,16,1292,1236,0.0646,0.0618,0,0,0,30,,,,unavailable
spherical_kmeans_k20_seed29_trainA,spherical_kmeans,spherical_kmeans_k20,29,A,B,17,783,787,0.03915,0.03935,0,0,0,30,,,,unavailable
spherical_kmeans_k20_seed29_trainA,spherical_kmeans,spherical_kmeans_k20,29,A,B,18,915,941,0.04575,0.04705,0,0,0,30,,,,unavailable
spherical_kmeans_k20_seed29_trainA,spherical_kmeans,spherical_kmeans_k20,29,A,B,19,1037,990,0.05185,0.0495,0,0,0,30,,,,unavailable
spherical_kmeans_k20_seed29_trainA,spherical_kmeans,spherical_kmeans_k20,29,A,C,0,610,577,0.0305,0.02885,0,0,0,30,,,,unavailable
spherical_kmeans_k20_seed29_trainA,spherical_kmeans,spherical_kmeans_k20,29,A,C,1,769,812,0.03845,0.0406,0,0,0,30,,,,unavailable
spherical_kmeans_k20_seed29_trainA,spherical_kmeans,spherical_kmeans_k20,29,A,C,2,780,739,0.039,0.03695,0,0,0,30,,,,unavailable
spherical_kmeans_k20_seed29_trainA,spherical_kmeans,spherical_kmeans_k20,29,A,C,3,1033,1084,0.05165,0.0542,0,0,0,30,,,,unavailable
spherical_kmeans_k20_seed29_trainA,spherical_kmeans,spherical_kmeans_k20,29,A,C,4,715,705,0.03575,0.03525,0,0,0,30,,,,unavailable
spherical_kmeans_k20_seed29_trainA,spherical_kmeans,spherical_kmeans_k20,29,A,C,5,1036,985,0.0518,0.04925,0,0,0,30,,,,unavailable
spherical_kmeans_k20_seed29_trainA,spherical_kmeans,spherical_kmeans_k20,29,A,C,6,1030,966,0.0515,0.0483,0,0,0,30,,,,unavailable
spherical_kmeans_k20_seed29_trainA,spherical_kmeans,spherical_kmeans_k20,29,A,C,7,1341,1294,0.06705,0.0647,0,0,0,30,,,,unavailable
spherical_kmeans_k20_seed29_trainA,spherical_kmeans,spherical_kmeans_k20,29,A,C,8,824,823,0.0412,0.04115,0,0,0,30,,,,unavailable
spherical_kmeans_k20_seed29_trainA,spherical_kmeans,spherical_kmeans_k20,29,A,C,9,895,909,0.04475,0.04545,0,0,0,30,,,,unavailable
spherical_kmeans_k20_seed29_trainA,spherical_kmeans,spherical_kmeans_k20,29,A,C,10,2136,2180,0.1068,0.109,0,0,0,30,,,,unavailable
spherical_kmeans_k20_seed29_trainA,spherical_kmeans,spherical_kmeans_k20,29,A,C,11,610,628,0.0305,0.0314,0,0,0,30,,,,unavailable
spherical_kmeans_k20_seed29_trainA,spherical_kmeans,spherical_kmeans_k20,29,A,C,12,1489,1473,0.07445,0.07365,0,0,0,30,,,,unavailable
spherical_kmeans_k20_seed29_trainA,spherical_kmeans,spherical_kmeans_k20,29,A,C,13,874,872,0.0437,0.0436,0,0,0,30,,,,unavailable
spherical_kmeans_k20_seed29_trainA,spherical_kmeans,spherical_kmeans_k20,29,A,C,14,752,791,0.0376,0.03955,0,0,0,30,,,,unavailable
spherical_kmeans_k20_seed29_trainA,spherical_kmeans,spherical_kmeans_k20,29,A,C,15,1079,1062,0.05395,0.0531,0,0,0,30,,,,unavailable
spherical_kmeans_k20_seed29_trainA,spherical_kmeans,spherical_kmeans_k20,29,A,C,16,1292,1344,0.0646,0.0672,0,0,0,30,,,,unavailable
spherical_kmeans_k20_seed29_trainA,spherical_kmeans,spherical_kmeans_k20,29,A,C,17,783,772,0.03915,0.0386,0,0,0,30,,,,unavailable
spherical_kmeans_k20_seed29_trainA,spherical_kmeans,spherical_kmeans_k20,29,A,C,18,915,964,0.04575,0.0482,0,0,0,30,,,,unavailable
spherical_kmeans_k20_seed29_trainA,spherical_kmeans,spherical_kmeans_k20,29,A,C,19,1037,1020,0.05185,0.051,0,0,0,30,,,,unavailable
vmf_k10_seed11_trainA,vmf,vmf_k10,11,A,B,0,1146,1142,0.0573,0.0571,0,0,0,30,1145.8730849682206,1572.3341810936117,,unavailable
vmf_k10_seed11_trainA,vmf,vmf_k10,11,A,B,1,2410,2420,0.1205,0.121,0,0,0,30,2406.3406085005513,1148.7527850605716,,unavailable
vmf_k10_seed11_trainA,vmf,vmf_k10,11,A,B,2,2131,2161,0.10655,0.10805,0,0,0,30,2132.7886988803893,1134.1413503838821,,unavailable
vmf_k10_seed11_trainA,vmf,vmf_k10,11,A,B,3,1236,1154,0.0618,0.0577,0,0,0,30,1234.5976186876446,1701.1285737950288,,unavailable
vmf_k10_seed11_trainA,vmf,vmf_k10,11,A,B,4,2809,2863,0.14045,0.14315,0,0,0,30,2807.4437781632287,1408.5271899977988,,unavailable
vmf_k10_seed11_trainA,vmf,vmf_k10,11,A,B,5,1990,2023,0.0995,0.10115,0,0,0,30,1991.1989737568708,1568.3796813181173,,unavailable
vmf_k10_seed11_trainA,vmf,vmf_k10,11,A,B,6,1573,1540,0.07865,0.077,0,0,0,30,1571.8816512971994,1649.4842432873788,,unavailable
vmf_k10_seed11_trainA,vmf,vmf_k10,11,A,B,7,2559,2496,0.12795,0.1248,0,0,0,30,2561.005223811659,1328.4597674734582,,unavailable
vmf_k10_seed11_trainA,vmf,vmf_k10,11,A,B,8,2408,2474,0.1204,0.1237,0,0,0,30,2409.5959677393994,1229.567075576853,,unavailable
vmf_k10_seed11_trainA,vmf,vmf_k10,11,A,B,9,1738,1727,0.0869,0.08635,0,0,0,30,1739.2743941948377,1634.9649309071597,,unavailable
vmf_k10_seed11_trainA,vmf,vmf_k10,11,A,C,0,1146,1183,0.0573,0.05915,0,0,0,30,1145.8730849682206,1572.3341810936117,,unavailable
vmf_k10_seed11_trainA,vmf,vmf_k10,11,A,C,1,2410,2405,0.1205,0.12025,0,0,0,30,2406.3406085005513,1148.7527850605716,,unavailable
vmf_k10_seed11_trainA,vmf,vmf_k10,11,A,C,2,2131,2218,0.10655,0.1109,0,0,0,30,2132.7886988803893,1134.1413503838821,,unavailable
vmf_k10_seed11_trainA,vmf,vmf_k10,11,A,C,3,1236,1180,0.0618,0.059,0,0,0,30,1234.5976186876446,1701.1285737950288,,unavailable
vmf_k10_seed11_trainA,vmf,vmf_k10,11,A,C,4,2809,2825,0.14045,0.14125,0,0,0,30,2807.4437781632287,1408.5271899977988,,unavailable
vmf_k10_seed11_trainA,vmf,vmf_k10,11,A,C,5,1990,2018,0.0995,0.1009,0,0,0,30,1991.1989737568708,1568.3796813181173,,unavailable
vmf_k10_seed11_trainA,vmf,vmf_k10,11,A,C,6,1573,1540,0.07865,0.077,0,0,0,30,1571.8816512971994,1649.4842432873788,,unavailable
vmf_k10_seed11_trainA,vmf,vmf_k10,11,A,C,7,2559,2444,0.12795,0.1222,0,0,0,30,2561.005223811659,1328.4597674734582,,unavailable
vmf_k10_seed11_trainA,vmf,vmf_k10,11,A,C,8,2408,2467,0.1204,0.12335,0,0,0,30,2409.5959677393994,1229.567075576853,,unavailable
vmf_k10_seed11_trainA,vmf,vmf_k10,11,A,C,9,1738,1720,0.0869,0.086,0,0,0,30,1739.2743941948377,1634.9649309071597,,unavailable
vmf_k10_seed29_trainA,vmf,vmf_k10,29,A,B,0,1227,1225,0.06135,0.06125,0,0,0,30,1226.3217442549355,1481.4936586064332,,unavailable
vmf_k10_seed29_trainA,vmf,vmf_k10,29,A,B,1,3701,3734,0.18505,0.1867,0,0,0,30,3701.146937090398,1355.3236259348837,,unavailable
vmf_k10_seed29_trainA,vmf,vmf_k10,29,A,B,2,2095,2011,0.10475,0.10055,0,0,0,30,2095.2879445734384,1555.5914578306263,,unavailable
vmf_k10_seed29_trainA,vmf,vmf_k10,29,A,B,3,1281,1263,0.06405,0.06315,0,0,0,30,1281.0698495063327,1548.2389734435371,,unavailable
vmf_k10_seed29_trainA,vmf,vmf_k10,29,A,B,4,208,201,0.0104,0.01005,0,0,0,30,207.99999999664874,3656.122532490583,,unavailable
vmf_k10_seed29_trainA,vmf,vmf_k10,29,A,B,5,3056,3011,0.1528,0.15055,0,0,0,30,3054.799178856281,1228.7363577288622,,unavailable
vmf_k10_seed29_trainA,vmf,vmf_k10,29,A,B,6,1193,1135,0.05965,0.05675,0,0,0,30,1192.3641791235452,1715.8010162524924,,unavailable
vmf_k10_seed29_trainA,vmf,vmf_k10,29,A,B,7,2737,2717,0.13685,0.13585,0,0,0,30,2736.1648721530855,1523.5425426122442,,unavailable
vmf_k10_seed29_trainA,vmf,vmf_k10,29,A,B,8,1496,1566,0.0748,0.0783,0,0,0,30,1496.4012699559678,1455.2298773339253,,unavailable
vmf_k10_seed29_trainA,vmf,vmf_k10,29,A,B,9,3006,3137,0.1503,0.15685,0,0,0,30,3008.444024489367,1001.9742482854002,,unavailable
vmf_k10_seed29_trainA,vmf,vmf_k10,29,A,C,0,1227,1200,0.06135,0.06,0,0,0,30,1226.3217442549355,1481.4936586064332,,unavailable
vmf_k10_seed29_trainA,vmf,vmf_k10,29,A,C,1,3701,3748,0.18505,0.1874,0,0,0,30,3701.146937090398,1355.3236259348837,,unavailable
vmf_k10_seed29_trainA,vmf,vmf_k10,29,A,C,2,2095,2052,0.10475,0.1026,0,0,0,30,2095.2879445734384,1555.5914578306263,,unavailable
vmf_k10_seed29_trainA,vmf,vmf_k10,29,A,C,3,1281,1302,0.06405,0.0651,0,0,0,30,1281.0698495063327,1548.2389734435371,,unavailable
vmf_k10_seed29_trainA,vmf,vmf_k10,29,A,C,4,208,202,0.0104,0.0101,0,0,0,30,207.99999999664874,3656.122532490583,,unavailable
vmf_k10_seed29_trainA,vmf,vmf_k10,29,A,C,5,3056,3047,0.1528,0.15235,0,0,0,30,3054.799178856281,1228.7363577288622,,unavailable
vmf_k10_seed29_trainA,vmf,vmf_k10,29,A,C,6,1193,1139,0.05965,0.05695,0,0,0,30,1192.3641791235452,1715.8010162524924,,unavailable
vmf_k10_seed29_trainA,vmf,vmf_k10,29,A,C,7,2737,2729,0.13685,0.13645,0,0,0,30,2736.1648721530855,1523.5425426122442,,unavailable
vmf_k10_seed29_trainA,vmf,vmf_k10,29,A,C,8,1496,1475,0.0748,0.07375,0,0,0,30,1496.4012699559678,1455.2298773339253,,unavailable
vmf_k10_seed29_trainA,vmf,vmf_k10,29,A,C,9,3006,3106,0.1503,0.1553,0,0,0,30,3008.444024489367,1001.9742482854002,,unavailable
vmf_k20_seed11_trainA,vmf,vmf_k20,11,A,B,0,306,288,0.0153,0.0144,0,0,0,30,305.99659776203487,2128.4066925631237,,unavailable
vmf_k20_seed11_trainA,vmf,vmf_k20,11,A,B,1,1068,1066,0.0534,0.0533,0,0,0,30,1068.3381598344565,1180.3258666014715,,unavailable
vmf_k20_seed11_trainA,vmf,vmf_k20,11,A,B,2,1184,1169,0.0592,0.05845,0,0,0,30,1183.9448177219058,1492.4407682919214,,unavailable
vmf_k20_seed11_trainA,vmf,vmf_k20,11,A,B,3,1026,970,0.0513,0.0485,0,0,0,30,1026.2407159677814,1785.4689516821313,,unavailable
vmf_k20_seed11_trainA,vmf,vmf_k20,11,A,B,4,1460,1554,0.073,0.0777,0,0,0,30,1460.018877646109,1461.909166591741,,unavailable
vmf_k20_seed11_trainA,vmf,vmf_k20,11,A,B,5,710,741,0.0355,0.03705,0,0,0,30,710.0530181896761,1552.7988657353476,,unavailable
vmf_k20_seed11_trainA,vmf,vmf_k20,11,A,B,6,842,854,0.0421,0.0427,0,0,0,30,841.7919419092566,1729.2647951486615,,unavailable
vmf_k20_seed11_trainA,vmf,vmf_k20,11,A,B,7,1183,1157,0.05915,0.05785,0,0,0,30,1183.1659151050471,1555.1530798507622,,unavailable
vmf_k20_seed11_trainA,vmf,vmf_k20,11,A,B,8,959,954,0.04795,0.0477,0,0,0,30,958.721325522046,1570.358249546709,,unavailable
vmf_k20_seed11_trainA,vmf,vmf_k20,11,A,B,9,1243,1237,0.06215,0.06185,0,0,0,30,1241.911557170376,1436.658097785143,,unavailable
vmf_k20_seed11_trainA,vmf,vmf_k20,11,A,B,10,1283,1299,0.06415,0.06495,0,0,0,30,1283.3198479057526,1599.471190758084,,unavailable
vmf_k20_seed11_trainA,vmf,vmf_k20,11,A,B,11,1183,1247,0.05915,0.06235,0,0,0,30,1182.7420954894583,1196.9269567279198,,unavailable
vmf_k20_seed11_trainA,vmf,vmf_k20,11,A,B,12,1648,1621,0.0824,0.08105,0,0,0,30,1649.4583983105856,1306.2489131440666,,unavailable
vmf_k20_seed11_trainA,vmf,vmf_k20,11,A,B,13,208,198,0.0104,0.0099,0,0,0,30,208.00000000000293,3656.1225324534116,,unavailable
vmf_k20_seed11_trainA,vmf,vmf_k20,11,A,B,14,1016,1033,0.0508,0.05165,0,0,0,30,1015.5790588395207,1509.902818980618,,unavailable
vmf_k20_seed11_trainA,vmf,vmf_k20,11,A,B,15,607,637,0.03035,0.03185,0,0,0,30,607.0748464126801,1852.793603747021,,unavailable
vmf_k20_seed11_trainA,vmf,vmf_k20,11,A,B,16,1029,1005,0.05145,0.05025,0,0,0,30,1028.9151827570831,1895.7490309414836,,unavailable
vmf_k20_seed11_trainA,vmf,vmf_k20,11,A,B,17,1173,1204,0.05865,0.0602,0,0,0,30,1173.162121615118,1272.467005138098,,unavailable
vmf_k20_seed11_trainA,vmf,vmf_k20,11,A,B,18,892,890,0.0446,0.0445,0,0,0,30,891.8610531215343,1864.8965811130956,,unavailable
vmf_k20_seed11_trainA,vmf,vmf_k20,11,A,B,19,980,876,0.049,0.0438,0,0,0,30,979.704468719575,1479.4176083663717,,unavailable
vmf_k20_seed11_trainA,vmf,vmf_k20,11,A,C,0,306,305,0.0153,0.01525,0,0,0,30,305.99659776203487,2128.4066925631237,,unavailable
vmf_k20_seed11_trainA,vmf,vmf_k20,11,A,C,1,1068,1038,0.0534,0.0519,0,0,0,30,1068.3381598344565,1180.3258666014715,,unavailable
vmf_k20_seed11_trainA,vmf,vmf_k20,11,A,C,2,1184,1153,0.0592,0.05765,0,0,0,30,1183.9448177219058,1492.4407682919214,,unavailable
vmf_k20_seed11_trainA,vmf,vmf_k20,11,A,C,3,1026,972,0.0513,0.0486,0,0,0,30,1026.2407159677814,1785.4689516821313,,unavailable
vmf_k20_seed11_trainA,vmf,vmf_k20,11,A,C,4,1460,1534,0.073,0.0767,0,0,0,30,1460.018877646109,1461.909166591741,,unavailable
vmf_k20_seed11_trainA,vmf,vmf_k20,11,A,C,5,710,691,0.0355,0.03455,0,0,0,30,710.0530181896761,1552.7988657353476,,unavailable
vmf_k20_seed11_trainA,vmf,vmf_k20,11,A,C,6,842,820,0.0421,0.041,0,0,0,30,841.7919419092566,1729.2647951486615,,unavailable
vmf_k20_seed11_trainA,vmf,vmf_k20,11,A,C,7,1183,1135,0.05915,0.05675,0,0,0,30,1183.1659151050471,1555.1530798507622,,unavailable
vmf_k20_seed11_trainA,vmf,vmf_k20,11,A,C,8,959,973,0.04795,0.04865,0,0,0,30,958.721325522046,1570.358249546709,,unavailable
vmf_k20_seed11_trainA,vmf,vmf_k20,11,A,C,9,1243,1237,0.06215,0.06185,0,0,0,30,1241.911557170376,1436.658097785143,,unavailable
vmf_k20_seed11_trainA,vmf,vmf_k20,11,A,C,10,1283,1315,0.06415,0.06575,0,0,0,30,1283.3198479057526,1599.471190758084,,unavailable
vmf_k20_seed11_trainA,vmf,vmf_k20,11,A,C,11,1183,1203,0.05915,0.06015,0,0,0,30,1182.7420954894583,1196.9269567279198,,unavailable
vmf_k20_seed11_trainA,vmf,vmf_k20,11,A,C,12,1648,1683,0.0824,0.08415,0,0,0,30,1649.4583983105856,1306.2489131440666,,unavailable
vmf_k20_seed11_trainA,vmf,vmf_k20,11,A,C,13,208,198,0.0104,0.0099,0,0,0,30,208.00000000000293,3656.1225324534116,,unavailable
vmf_k20_seed11_trainA,vmf,vmf_k20,11,A,C,14,1016,1000,0.0508,0.05,0,0,0,30,1015.5790588395207,1509.902818980618,,unavailable
vmf_k20_seed11_trainA,vmf,vmf_k20,11,A,C,15,607,627,0.03035,0.03135,0,0,0,30,607.0748464126801,1852.793603747021,,unavailable
vmf_k20_seed11_trainA,vmf,vmf_k20,11,A,C,16,1029,1009,0.05145,0.05045,0,0,0,30,1028.9151827570831,1895.7490309414836,,unavailable
vmf_k20_seed11_trainA,vmf,vmf_k20,11,A,C,17,1173,1233,0.05865,0.06165,0,0,0,30,1173.162121615118,1272.467005138098,,unavailable
vmf_k20_seed11_trainA,vmf,vmf_k20,11,A,C,18,892,884,0.0446,0.0442,0,0,0,30,891.8610531215343,1864.8965811130956,,unavailable
vmf_k20_seed11_trainA,vmf,vmf_k20,11,A,C,19,980,990,0.049,0.0495,0,0,0,30,979.704468719575,1479.4176083663717,,unavailable
vmf_k20_seed29_trainA,vmf,vmf_k20,29,A,B,0,599,592,0.02995,0.0296,0,0,0,30,599.1926201986543,1551.5829379118577,,unavailable
vmf_k20_seed29_trainA,vmf,vmf_k20,29,A,B,1,799,792,0.03995,0.0396,0,0,0,30,798.6239043607832,1647.145049861843,,unavailable
vmf_k20_seed29_trainA,vmf,vmf_k20,29,A,B,2,1615,1599,0.08075,0.07995,0,0,0,30,1616.2173533900736,1302.7403370376048,,unavailable
vmf_k20_seed29_trainA,vmf,vmf_k20,29,A,B,3,1020,1061,0.051,0.05305,0,0,0,30,1019.8638419874301,1583.4242725135507,,unavailable
vmf_k20_seed29_trainA,vmf,vmf_k20,29,A,B,4,208,200,0.0104,0.01,0,0,0,30,207.99991765118102,3656.7693404469906,,unavailable
vmf_k20_seed29_trainA,vmf,vmf_k20,29,A,B,5,1156,1116,0.0578,0.0558,0,0,0,30,1155.8233740666258,1557.6679798636103,,unavailable
vmf_k20_seed29_trainA,vmf,vmf_k20,29,A,B,6,911,880,0.04555,0.044,0,0,0,30,911.2011902337271,1823.3104978511305,,unavailable
vmf_k20_seed29_trainA,vmf,vmf_k20,29,A,B,7,1096,1087,0.0548,0.05435,0,0,0,30,1095.320702802296,1750.062635435918,,unavailable
vmf_k20_seed29_trainA,vmf,vmf_k20,29,A,B,8,838,849,0.0419,0.04245,0,0,0,30,838.1414098819708,1573.6821086094803,,unavailable
vmf_k20_seed29_trainA,vmf,vmf_k20,29,A,B,9,1100,1150,0.055,0.0575,0,0,0,30,1099.7967984366164,1201.3117550791965,,unavailable
vmf_k20_seed29_trainA,vmf,vmf_k20,29,A,B,10,1622,1760,0.0811,0.088,0,0,0,30,1621.572487069531,1518.0002196859405,,unavailable
vmf_k20_seed29_trainA,vmf,vmf_k20,29,A,B,11,689,669,0.03445,0.03345,0,0,0,30,689.0709481831907,1530.9452516759861,,unavailable
vmf_k20_seed29_trainA,vmf,vmf_k20,29,A,B,12,1533,1523,0.07665,0.07615,0,0,0,30,1533.2598325565639,1636.1928565921623,,unavailable
vmf_k20_seed29_trainA,vmf,vmf_k20,29,A,B,13,1133,1143,0.05665,0.05715,0,0,0,30,1132.6374648432757,1187.3400060359504,,unavailable
vmf_k20_seed29_trainA,vmf,vmf_k20,29,A,B,14,633,628,0.03165,0.0314,0,0,0,30,632.8619623482397,1781.945938933506,,unavailable
vmf_k20_seed29_trainA,vmf,vmf_k20,29,A,B,15,912,889,0.0456,0.04445,0,0,0,30,912.1561146739471,1879.095797376145,,unavailable
vmf_k20_seed29_trainA,vmf,vmf_k20,29,A,B,16,1392,1301,0.0696,0.06505,0,0,0,30,1392.5416217400798,1387.6285917664632,,unavailable
vmf_k20_seed29_trainA,vmf,vmf_k20,29,A,B,17,371,354,0.01855,0.0177,0,0,0,30,371.01557759560774,2136.3935515707944,,unavailable
vmf_k20_seed29_trainA,vmf,vmf_k20,29,A,B,18,1296,1368,0.0648,0.0684,0,0,0,30,1295.9625681925436,1284.4832560652303,,unavailable
vmf_k20_seed29_trainA,vmf,vmf_k20,29,A,B,19,1077,1039,0.05385,0.05195,0,0,0,30,1076.7403097876609,1514.4229177433908,,unavailable
vmf_k20_seed29_trainA,vmf,vmf_k20,29,A,C,0,599,565,0.02995,0.02825,0,0,0,30,599.1926201986543,1551.5829379118577,,unavailable
vmf_k20_seed29_trainA,vmf,vmf_k20,29,A,C,1,799,826,0.03995,0.0413,0,0,0,30,798.6239043607832,1647.145049861843,,unavailable
vmf_k20_seed29_trainA,vmf,vmf_k20,29,A,C,2,1615,1621,0.08075,0.08105,0,0,0,30,1616.2173533900736,1302.7403370376048,,unavailable
vmf_k20_seed29_trainA,vmf,vmf_k20,29,A,C,3,1020,1078,0.051,0.0539,0,0,0,30,1019.8638419874301,1583.4242725135507,,unavailable
vmf_k20_seed29_trainA,vmf,vmf_k20,29,A,C,4,208,201,0.0104,0.01005,0,0,0,30,207.99991765118102,3656.7693404469906,,unavailable
vmf_k20_seed29_trainA,vmf,vmf_k20,29,A,C,5,1156,1084,0.0578,0.0542,0,0,0,30,1155.8233740666258,1557.6679798636103,,unavailable
vmf_k20_seed29_trainA,vmf,vmf_k20,29,A,C,6,911,871,0.04555,0.04355,0,0,0,30,911.2011902337271,1823.3104978511305,,unavailable
vmf_k20_seed29_trainA,vmf,vmf_k20,29,A,C,7,1096,1095,0.0548,0.05475,0,0,0,30,1095.320702802296,1750.062635435918,,unavailable
vmf_k20_seed29_trainA,vmf,vmf_k20,29,A,C,8,838,820,0.0419,0.041,0,0,0,30,838.1414098819708,1573.6821086094803,,unavailable
vmf_k20_seed29_trainA,vmf,vmf_k20,29,A,C,9,1100,1141,0.055,0.05705,0,0,0,30,1099.7967984366164,1201.3117550791965,,unavailable
vmf_k20_seed29_trainA,vmf,vmf_k20,29,A,C,10,1622,1717,0.0811,0.08585,0,0,0,30,1621.572487069531,1518.0002196859405,,unavailable
vmf_k20_seed29_trainA,vmf,vmf_k20,29,A,C,11,689,682,0.03445,0.0341,0,0,0,30,689.0709481831907,1530.9452516759861,,unavailable
vmf_k20_seed29_trainA,vmf,vmf_k20,29,A,C,12,1533,1468,0.07665,0.0734,0,0,0,30,1533.2598325565639,1636.1928565921623,,unavailable
vmf_k20_seed29_trainA,vmf,vmf_k20,29,A,C,13,1133,1130,0.05665,0.0565,0,0,0,30,1132.6374648432757,1187.3400060359504,,unavailable
vmf_k20_seed29_trainA,vmf,vmf_k20,29,A,C,14,633,654,0.03165,0.0327,0,0,0,30,632.8619623482397,1781.945938933506,,unavailable
vmf_k20_seed29_trainA,vmf,vmf_k20,29,A,C,15,912,894,0.0456,0.0447,0,0,0,30,912.1561146739471,1879.095797376145,,unavailable
vmf_k20_seed29_trainA,vmf,vmf_k20,29,A,C,16,1392,1406,0.0696,0.0703,0,0,0,30,1392.5416217400798,1387.6285917664632,,unavailable
vmf_k20_seed29_trainA,vmf,vmf_k20,29,A,C,17,371,352,0.01855,0.0176,0,0,0,30,371.01557759560774,2136.3935515707944,,unavailable
vmf_k20_seed29_trainA,vmf,vmf_k20,29,A,C,18,1296,1363,0.0648,0.06815,0,0,0,30,1295.9625681925436,1284.4832560652303,,unavailable
vmf_k20_seed29_trainA,vmf,vmf_k20,29,A,C,19,1077,1032,0.05385,0.0516,0,0,0,30,1076.7403097876609,1514.4229177433908,,unavailable
density_nn15_q0.5_trainA,density,density_nn15_q0.5,,A,B,0,9999,13836,0.49995,0.6918,0,0,0,30,,,,unavailable
density_nn15_q0.5_trainA,density,density_nn15_q0.5,,A,C,0,9999,13751,0.49995,0.68755,0,0,0,30,,,,unavailable
density_nn15_q0.8_trainA,density,density_nn15_q0.8,,A,B,0,3814,6916,0.1907,0.3458,0,0,0,30,,,,unavailable
density_nn15_q0.8_trainA,density,density_nn15_q0.8,,A,B,1,32,50,0.0016,0.0025,0,0,0,30,,,,unavailable
density_nn15_q0.8_trainA,density,density_nn15_q0.8,,A,B,2,33,35,0.00165,0.00175,0,0,0,30,,,,unavailable
density_nn15_q0.8_trainA,density,density_nn15_q0.8,,A,C,0,3814,7055,0.1907,0.35275,0,0,0,30,,,,unavailable
density_nn15_q0.8_trainA,density,density_nn15_q0.8,,A,C,1,32,54,0.0016,0.0027,0,0,0,30,,,,unavailable
density_nn15_q0.8_trainA,density,density_nn15_q0.8,,A,C,2,33,39,0.00165,0.00195,0,0,0,30,,,,unavailable
density_nn30_q0.5_trainA,density,density_nn30_q0.5,,A,B,0,10001,16329,0.50005,0.81645,0,0,0,30,,,,unavailable
density_nn30_q0.5_trainA,density,density_nn30_q0.5,,A,C,0,10001,16321,0.50005,0.81605,0,0,0,30,,,,unavailable
density_nn30_q0.8_trainA,density,density_nn30_q0.8,,A,B,0,3993,9926,0.19965,0.4963,0,0,0,30,,,,unavailable
density_nn30_q0.8_trainA,density,density_nn30_q0.8,,A,C,0,3993,9956,0.19965,0.4978,0,0,0,30,,,,unavailable
spherical_kmeans_k10_seed11_trainB,spherical_kmeans,spherical_kmeans_k10,11,B,A,0,1271,1294,0.06355,0.0647,0,0,0,30,,,,unavailable
spherical_kmeans_k10_seed11_trainB,spherical_kmeans,spherical_kmeans_k10,11,B,A,1,2849,2870,0.14245,0.1435,0,0,0,30,,,,unavailable
spherical_kmeans_k10_seed11_trainB,spherical_kmeans,spherical_kmeans_k10,11,B,A,2,1527,1564,0.07635,0.0782,0,0,0,30,,,,unavailable
spherical_kmeans_k10_seed11_trainB,spherical_kmeans,spherical_kmeans_k10,11,B,A,3,1878,1933,0.0939,0.09665,0,0,0,30,,,,unavailable
spherical_kmeans_k10_seed11_trainB,spherical_kmeans,spherical_kmeans_k10,11,B,A,4,1797,1731,0.08985,0.08655,0,0,0,30,,,,unavailable
spherical_kmeans_k10_seed11_trainB,spherical_kmeans,spherical_kmeans_k10,11,B,A,5,3110,3017,0.1555,0.15085,0,0,0,30,,,,unavailable
spherical_kmeans_k10_seed11_trainB,spherical_kmeans,spherical_kmeans_k10,11,B,A,6,2336,2412,0.1168,0.1206,0,0,0,30,,,,unavailable
spherical_kmeans_k10_seed11_trainB,spherical_kmeans,spherical_kmeans_k10,11,B,A,7,1775,1736,0.08875,0.0868,0,0,0,30,,,,unavailable
spherical_kmeans_k10_seed11_trainB,spherical_kmeans,spherical_kmeans_k10,11,B,A,8,2089,2066,0.10445,0.1033,0,0,0,30,,,,unavailable
spherical_kmeans_k10_seed11_trainB,spherical_kmeans,spherical_kmeans_k10,11,B,A,9,1368,1377,0.0684,0.06885,0,0,0,30,,,,unavailable
spherical_kmeans_k10_seed11_trainB,spherical_kmeans,spherical_kmeans_k10,11,B,C,0,1271,1311,0.06355,0.06555,0,0,0,30,,,,unavailable
spherical_kmeans_k10_seed11_trainB,spherical_kmeans,spherical_kmeans_k10,11,B,C,1,2849,2850,0.14245,0.1425,0,0,0,30,,,,unavailable
spherical_kmeans_k10_seed11_trainB,spherical_kmeans,spherical_kmeans_k10,11,B,C,2,1527,1517,0.07635,0.07585,0,0,0,30,,,,unavailable
spherical_kmeans_k10_seed11_trainB,spherical_kmeans,spherical_kmeans_k10,11,B,C,3,1878,1922,0.0939,0.0961,0,0,0,30,,,,unavailable
spherical_kmeans_k10_seed11_trainB,spherical_kmeans,spherical_kmeans_k10,11,B,C,4,1797,1740,0.08985,0.087,0,0,0,30,,,,unavailable
spherical_kmeans_k10_seed11_trainB,spherical_kmeans,spherical_kmeans_k10,11,B,C,5,3110,3063,0.1555,0.15315,0,0,0,30,,,,unavailable
spherical_kmeans_k10_seed11_trainB,spherical_kmeans,spherical_kmeans_k10,11,B,C,6,2336,2342,0.1168,0.1171,0,0,0,30,,,,unavailable
spherical_kmeans_k10_seed11_trainB,spherical_kmeans,spherical_kmeans_k10,11,B,C,7,1775,1841,0.08875,0.09205,0,0,0,30,,,,unavailable
spherical_kmeans_k10_seed11_trainB,spherical_kmeans,spherical_kmeans_k10,11,B,C,8,2089,2033,0.10445,0.10165,0,0,0,30,,,,unavailable
spherical_kmeans_k10_seed11_trainB,spherical_kmeans,spherical_kmeans_k10,11,B,C,9,1368,1381,0.0684,0.06905,0,0,0,30,,,,unavailable
spherical_kmeans_k10_seed29_trainB,spherical_kmeans,spherical_kmeans_k10,29,B,A,0,2293,2228,0.11465,0.1114,0,0,0,30,,,,unavailable
spherical_kmeans_k10_seed29_trainB,spherical_kmeans,spherical_kmeans_k10,29,B,A,1,1769,1741,0.08845,0.08705,0,0,0,30,,,,unavailable
spherical_kmeans_k10_seed29_trainB,spherical_kmeans,spherical_kmeans_k10,29,B,A,2,1777,1821,0.08885,0.09105,0,0,0,30,,,,unavailable
spherical_kmeans_k10_seed29_trainB,spherical_kmeans,spherical_kmeans_k10,29,B,A,3,1889,1880,0.09445,0.094,0,0,0,30,,,,unavailable
spherical_kmeans_k10_seed29_trainB,spherical_kmeans,spherical_kmeans_k10,29,B,A,4,1847,1881,0.09235,0.09405,0,0,0,30,,,,unavailable
spherical_kmeans_k10_seed29_trainB,spherical_kmeans,spherical_kmeans_k10,29,B,A,5,1620,1562,0.081,0.0781,0,0,0,30,,,,unavailable
spherical_kmeans_k10_seed29_trainB,spherical_kmeans,spherical_kmeans_k10,29,B,A,6,2306,2369,0.1153,0.11845,0,0,0,30,,,,unavailable
spherical_kmeans_k10_seed29_trainB,spherical_kmeans,spherical_kmeans_k10,29,B,A,7,1986,1995,0.0993,0.09975,0,0,0,30,,,,unavailable
spherical_kmeans_k10_seed29_trainB,spherical_kmeans,spherical_kmeans_k10,29,B,A,8,1364,1400,0.0682,0.07,0,0,0,30,,,,unavailable
spherical_kmeans_k10_seed29_trainB,spherical_kmeans,spherical_kmeans_k10,29,B,A,9,3149,3123,0.15745,0.15615,0,0,0,30,,,,unavailable
spherical_kmeans_k10_seed29_trainB,spherical_kmeans,spherical_kmeans_k10,29,B,C,0,2293,2296,0.11465,0.1148,0,0,0,30,,,,unavailable
spherical_kmeans_k10_seed29_trainB,spherical_kmeans,spherical_kmeans_k10,29,B,C,1,1769,1780,0.08845,0.089,0,0,0,30,,,,unavailable
spherical_kmeans_k10_seed29_trainB,spherical_kmeans,spherical_kmeans_k10,29,B,C,2,1777,1784,0.08885,0.0892,0,0,0,30,,,,unavailable
spherical_kmeans_k10_seed29_trainB,spherical_kmeans,spherical_kmeans_k10,29,B,C,3,1889,1924,0.09445,0.0962,0,0,0,30,,,,unavailable
spherical_kmeans_k10_seed29_trainB,spherical_kmeans,spherical_kmeans_k10,29,B,C,4,1847,1877,0.09235,0.09385,0,0,0,30,,,,unavailable
spherical_kmeans_k10_seed29_trainB,spherical_kmeans,spherical_kmeans_k10,29,B,C,5,1620,1526,0.081,0.0763,0,0,0,30,,,,unavailable
spherical_kmeans_k10_seed29_trainB,spherical_kmeans,spherical_kmeans_k10,29,B,C,6,2306,2337,0.1153,0.11685,0,0,0,30,,,,unavailable
spherical_kmeans_k10_seed29_trainB,spherical_kmeans,spherical_kmeans_k10,29,B,C,7,1986,1964,0.0993,0.0982,0,0,0,30,,,,unavailable
spherical_kmeans_k10_seed29_trainB,spherical_kmeans,spherical_kmeans_k10,29,B,C,8,1364,1358,0.0682,0.0679,0,0,0,30,,,,unavailable
spherical_kmeans_k10_seed29_trainB,spherical_kmeans,spherical_kmeans_k10,29,B,C,9,3149,3154,0.15745,0.1577,0,0,0,30,,,,unavailable
spherical_kmeans_k20_seed11_trainB,spherical_kmeans,spherical_kmeans_k20,11,B,A,0,1190,1212,0.0595,0.0606,0,0,0,30,,,,unavailable
spherical_kmeans_k20_seed11_trainB,spherical_kmeans,spherical_kmeans_k20,11,B,A,1,930,927,0.0465,0.04635,0,0,0,30,,,,unavailable
spherical_kmeans_k20_seed11_trainB,spherical_kmeans,spherical_kmeans_k20,11,B,A,2,1061,1091,0.05305,0.05455,0,0,0,30,,,,unavailable
spherical_kmeans_k20_seed11_trainB,spherical_kmeans,spherical_kmeans_k20,11,B,A,3,1097,1189,0.05485,0.05945,0,0,0,30,,,,unavailable
spherical_kmeans_k20_seed11_trainB,spherical_kmeans,spherical_kmeans_k20,11,B,A,4,654,626,0.0327,0.0313,0,0,0,30,,,,unavailable
spherical_kmeans_k20_seed11_trainB,spherical_kmeans,spherical_kmeans_k20,11,B,A,5,936,983,0.0468,0.04915,0,0,0,30,,,,unavailable
spherical_kmeans_k20_seed11_trainB,spherical_kmeans,spherical_kmeans_k20,11,B,A,6,711,707,0.03555,0.03535,0,0,0,30,,,,unavailable
spherical_kmeans_k20_seed11_trainB,spherical_kmeans,spherical_kmeans_k20,11,B,A,7,984,937,0.0492,0.04685,0,0,0,30,,,,unavailable
spherical_kmeans_k20_seed11_trainB,spherical_kmeans,spherical_kmeans_k20,11,B,A,8,1169,1164,0.05845,0.0582,0,0,0,30,,,,unavailable
spherical_kmeans_k20_seed11_trainB,spherical_kmeans,spherical_kmeans_k20,11,B,A,9,1195,1202,0.05975,0.0601,0,0,0,30,,,,unavailable
spherical_kmeans_k20_seed11_trainB,spherical_kmeans,spherical_kmeans_k20,11,B,A,10,1069,1069,0.05345,0.05345,0,0,0,30,,,,unavailable
spherical_kmeans_k20_seed11_trainB,spherical_kmeans,spherical_kmeans_k20,11,B,A,11,987,1014,0.04935,0.0507,0,0,0,30,,,,unavailable
spherical_kmeans_k20_seed11_trainB,spherical_kmeans,spherical_kmeans_k20,11,B,A,12,1150,1205,0.0575,0.06025,0,0,0,30,,,,unavailable
spherical_kmeans_k20_seed11_trainB,spherical_kmeans,spherical_kmeans_k20,11,B,A,13,1534,1484,0.0767,0.0742,0,0,0,30,,,,unavailable
spherical_kmeans_k20_seed11_trainB,spherical_kmeans,spherical_kmeans_k20,11,B,A,14,961,947,0.04805,0.04735,0,0,0,30,,,,unavailable
spherical_kmeans_k20_seed11_trainB,spherical_kmeans,spherical_kmeans_k20,11,B,A,15,866,841,0.0433,0.04205,0,0,0,30,,,,unavailable
spherical_kmeans_k20_seed11_trainB,spherical_kmeans,spherical_kmeans_k20,11,B,A,16,564,521,0.0282,0.02605,0,0,0,30,,,,unavailable
spherical_kmeans_k20_seed11_trainB,spherical_kmeans,spherical_kmeans_k20,11,B,A,17,1017,993,0.05085,0.04965,0,0,0,30,,,,unavailable
spherical_kmeans_k20_seed11_trainB,spherical_kmeans,spherical_kmeans_k20,11,B,A,18,1132,1108,0.0566,0.0554,0,0,0,30,,,,unavailable
spherical_kmeans_k20_seed11_trainB,spherical_kmeans,spherical_kmeans_k20,11,B,A,19,793,780,0.03965,0.039,0,0,0,30,,,,unavailable
spherical_kmeans_k20_seed11_trainB,spherical_kmeans,spherical_kmeans_k20,11,B,C,0,1190,1182,0.0595,0.0591,0,0,0,30,,,,unavailable
spherical_kmeans_k20_seed11_trainB,spherical_kmeans,spherical_kmeans_k20,11,B,C,1,930,888,0.0465,0.0444,0,0,0,30,,,,unavailable
spherical_kmeans_k20_seed11_trainB,spherical_kmeans,spherical_kmeans_k20,11,B,C,2,1061,1062,0.05305,0.0531,0,0,0,30,,,,unavailable
spherical_kmeans_k20_seed11_trainB,spherical_kmeans,spherical_kmeans_k20,11,B,C,3,1097,1142,0.05485,0.0571,0,0,0,30,,,,unavailable
spherical_kmeans_k20_seed11_trainB,spherical_kmeans,spherical_kmeans_k20,11,B,C,4,654,631,0.0327,0.03155,0,0,0,30,,,,unavailable
spherical_kmeans_k20_seed11_trainB,spherical_kmeans,spherical_kmeans_k20,11,B,C,5,936,998,0.0468,0.0499,0,0,0,30,,,,unavailable
spherical_kmeans_k20_seed11_trainB,spherical_kmeans,spherical_kmeans_k20,11,B,C,6,711,696,0.03555,0.0348,0,0,0,30,,,,unavailable
spherical_kmeans_k20_seed11_trainB,spherical_kmeans,spherical_kmeans_k20,11,B,C,7,984,976,0.0492,0.0488,0,0,0,30,,,,unavailable
spherical_kmeans_k20_seed11_trainB,spherical_kmeans,spherical_kmeans_k20,11,B,C,8,1169,1166,0.05845,0.0583,0,0,0,30,,,,unavailable
spherical_kmeans_k20_seed11_trainB,spherical_kmeans,spherical_kmeans_k20,11,B,C,9,1195,1200,0.05975,0.06,0,0,0,30,,,,unavailable
spherical_kmeans_k20_seed11_trainB,spherical_kmeans,spherical_kmeans_k20,11,B,C,10,1069,1112,0.05345,0.0556,0,0,0,30,,,,unavailable
spherical_kmeans_k20_seed11_trainB,spherical_kmeans,spherical_kmeans_k20,11,B,C,11,987,944,0.04935,0.0472,0,0,0,30,,,,unavailable
spherical_kmeans_k20_seed11_trainB,spherical_kmeans,spherical_kmeans_k20,11,B,C,12,1150,1174,0.0575,0.0587,0,0,0,30,,,,unavailable
spherical_kmeans_k20_seed11_trainB,spherical_kmeans,spherical_kmeans_k20,11,B,C,13,1534,1512,0.0767,0.0756,0,0,0,30,,,,unavailable
spherical_kmeans_k20_seed11_trainB,spherical_kmeans,spherical_kmeans_k20,11,B,C,14,961,938,0.04805,0.0469,0,0,0,30,,,,unavailable
spherical_kmeans_k20_seed11_trainB,spherical_kmeans,spherical_kmeans_k20,11,B,C,15,866,890,0.0433,0.0445,0,0,0,30,,,,unavailable
spherical_kmeans_k20_seed11_trainB,spherical_kmeans,spherical_kmeans_k20,11,B,C,16,564,565,0.0282,0.02825,0,0,0,30,,,,unavailable
spherical_kmeans_k20_seed11_trainB,spherical_kmeans,spherical_kmeans_k20,11,B,C,17,1017,1025,0.05085,0.05125,0,0,0,30,,,,unavailable
spherical_kmeans_k20_seed11_trainB,spherical_kmeans,spherical_kmeans_k20,11,B,C,18,1132,1138,0.0566,0.0569,0,0,0,30,,,,unavailable
spherical_kmeans_k20_seed11_trainB,spherical_kmeans,spherical_kmeans_k20,11,B,C,19,793,761,0.03965,0.03805,0,0,0,30,,,,unavailable
spherical_kmeans_k20_seed29_trainB,spherical_kmeans,spherical_kmeans_k20,29,B,A,0,927,921,0.04635,0.04605,0,0,0,30,,,,unavailable
spherical_kmeans_k20_seed29_trainB,spherical_kmeans,spherical_kmeans_k20,29,B,A,1,1166,1191,0.0583,0.05955,0,0,0,30,,,,unavailable
spherical_kmeans_k20_seed29_trainB,spherical_kmeans,spherical_kmeans_k20,29,B,A,2,674,651,0.0337,0.03255,0,0,0,30,,,,unavailable
spherical_kmeans_k20_seed29_trainB,spherical_kmeans,spherical_kmeans_k20,29,B,A,3,1171,1181,0.05855,0.05905,0,0,0,30,,,,unavailable
spherical_kmeans_k20_seed29_trainB,spherical_kmeans,spherical_kmeans_k20,29,B,A,4,815,822,0.04075,0.0411,0,0,0,30,,,,unavailable
spherical_kmeans_k20_seed29_trainB,spherical_kmeans,spherical_kmeans_k20,29,B,A,5,728,717,0.0364,0.03585,0,0,0,30,,,,unavailable
spherical_kmeans_k20_seed29_trainB,spherical_kmeans,spherical_kmeans_k20,29,B,A,6,669,678,0.03345,0.0339,0,0,0,30,,,,unavailable
spherical_kmeans_k20_seed29_trainB,spherical_kmeans,spherical_kmeans_k20,29,B,A,7,984,966,0.0492,0.0483,0,0,0,30,,,,unavailable
spherical_kmeans_k20_seed29_trainB,spherical_kmeans,spherical_kmeans_k20,29,B,A,8,1043,1058,0.05215,0.0529,0,0,0,30,,,,unavailable
spherical_kmeans_k20_seed29_trainB,spherical_kmeans,spherical_kmeans_k20,29,B,A,9,1873,1753,0.09365,0.08765,0,0,0,30,,,,unavailable
spherical_kmeans_k20_seed29_trainB,spherical_kmeans,spherical_kmeans_k20,29,B,A,10,1095,1072,0.05475,0.0536,0,0,0,30,,,,unavailable
spherical_kmeans_k20_seed29_trainB,spherical_kmeans,spherical_kmeans_k20,29,B,A,11,733,741,0.03665,0.03705,0,0,0,30,,,,unavailable
spherical_kmeans_k20_seed29_trainB,spherical_kmeans,spherical_kmeans_k20,29,B,A,12,840,834,0.042,0.0417,0,0,0,30,,,,unavailable
spherical_kmeans_k20_seed29_trainB,spherical_kmeans,spherical_kmeans_k20,29,B,A,13,934,892,0.0467,0.0446,0,0,0,30,,,,unavailable
spherical_kmeans_k20_seed29_trainB,spherical_kmeans,spherical_kmeans_k20,29,B,A,14,1579,1686,0.07895,0.0843,0,0,0,30,,,,unavailable
spherical_kmeans_k20_seed29_trainB,spherical_kmeans,spherical_kmeans_k20,29,B,A,15,702,700,0.0351,0.035,0,0,0,30,,,,unavailable
spherical_kmeans_k20_seed29_trainB,spherical_kmeans,spherical_kmeans_k20,29,B,A,16,1134,1135,0.0567,0.05675,0,0,0,30,,,,unavailable
spherical_kmeans_k20_seed29_trainB,spherical_kmeans,spherical_kmeans_k20,29,B,A,17,898,923,0.0449,0.04615,0,0,0,30,,,,unavailable
spherical_kmeans_k20_seed29_trainB,spherical_kmeans,spherical_kmeans_k20,29,B,A,18,936,978,0.0468,0.0489,0,0,0,30,,,,unavailable
spherical_kmeans_k20_seed29_trainB,spherical_kmeans,spherical_kmeans_k20,29,B,A,19,1099,1101,0.05495,0.05505,0,0,0,30,,,,unavailable
spherical_kmeans_k20_seed29_trainB,spherical_kmeans,spherical_kmeans_k20,29,B,C,0,927,913,0.04635,0.04565,0,0,0,30,,,,unavailable
spherical_kmeans_k20_seed29_trainB,spherical_kmeans,spherical_kmeans_k20,29,B,C,1,1166,1127,0.0583,0.05635,0,0,0,30,,,,unavailable
spherical_kmeans_k20_seed29_trainB,spherical_kmeans,spherical_kmeans_k20,29,B,C,2,674,696,0.0337,0.0348,0,0,0,30,,,,unavailable
spherical_kmeans_k20_seed29_trainB,spherical_kmeans,spherical_kmeans_k20,29,B,C,3,1171,1175,0.05855,0.05875,0,0,0,30,,,,unavailable
spherical_kmeans_k20_seed29_trainB,spherical_kmeans,spherical_kmeans_k20,29,B,C,4,815,830,0.04075,0.0415,0,0,0,30,,,,unavailable
spherical_kmeans_k20_seed29_trainB,spherical_kmeans,spherical_kmeans_k20,29,B,C,5,728,726,0.0364,0.0363,0,0,0,30,,,,unavailable
spherical_kmeans_k20_seed29_trainB,spherical_kmeans,spherical_kmeans_k20,29,B,C,6,669,664,0.03345,0.0332,0,0,0,30,,,,unavailable
spherical_kmeans_k20_seed29_trainB,spherical_kmeans,spherical_kmeans_k20,29,B,C,7,984,975,0.0492,0.04875,0,0,0,30,,,,unavailable
spherical_kmeans_k20_seed29_trainB,spherical_kmeans,spherical_kmeans_k20,29,B,C,8,1043,1014,0.05215,0.0507,0,0,0,30,,,,unavailable
spherical_kmeans_k20_seed29_trainB,spherical_kmeans,spherical_kmeans_k20,29,B,C,9,1873,1845,0.09365,0.09225,0,0,0,30,,,,unavailable
spherical_kmeans_k20_seed29_trainB,spherical_kmeans,spherical_kmeans_k20,29,B,C,10,1095,1108,0.05475,0.0554,0,0,0,30,,,,unavailable
spherical_kmeans_k20_seed29_trainB,spherical_kmeans,spherical_kmeans_k20,29,B,C,11,733,723,0.03665,0.03615,0,0,0,30,,,,unavailable
spherical_kmeans_k20_seed29_trainB,spherical_kmeans,spherical_kmeans_k20,29,B,C,12,840,786,0.042,0.0393,0,0,0,30,,,,unavailable
spherical_kmeans_k20_seed29_trainB,spherical_kmeans,spherical_kmeans_k20,29,B,C,13,934,895,0.0467,0.04475,0,0,0,30,,,,unavailable
spherical_kmeans_k20_seed29_trainB,spherical_kmeans,spherical_kmeans_k20,29,B,C,14,1579,1670,0.07895,0.0835,0,0,0,30,,,,unavailable
spherical_kmeans_k20_seed29_trainB,spherical_kmeans,spherical_kmeans_k20,29,B,C,15,702,735,0.0351,0.03675,0,0,0,30,,,,unavailable
spherical_kmeans_k20_seed29_trainB,spherical_kmeans,spherical_kmeans_k20,29,B,C,16,1134,1128,0.0567,0.0564,0,0,0,30,,,,unavailable
spherical_kmeans_k20_seed29_trainB,spherical_kmeans,spherical_kmeans_k20,29,B,C,17,898,931,0.0449,0.04655,0,0,0,30,,,,unavailable
spherical_kmeans_k20_seed29_trainB,spherical_kmeans,spherical_kmeans_k20,29,B,C,18,936,915,0.0468,0.04575,0,0,0,30,,,,unavailable
spherical_kmeans_k20_seed29_trainB,spherical_kmeans,spherical_kmeans_k20,29,B,C,19,1099,1144,0.05495,0.0572,0,0,0,30,,,,unavailable
vmf_k10_seed11_trainB,vmf,vmf_k10,11,B,A,0,1211,1215,0.06055,0.06075,0,0,0,30,1210.3346535428025,1557.8127745588117,,unavailable
vmf_k10_seed11_trainB,vmf,vmf_k10,11,B,A,1,2630,2631,0.1315,0.13155,0,0,0,30,2632.103260049048,1558.8645636224448,,unavailable
vmf_k10_seed11_trainB,vmf,vmf_k10,11,B,A,2,1183,1216,0.05915,0.0608,0,0,0,30,1183.0386446051139,1815.0956419651527,,unavailable
vmf_k10_seed11_trainB,vmf,vmf_k10,11,B,A,3,1762,1795,0.0881,0.08975,0,0,0,30,1762.8503423336297,1430.034410996696,,unavailable
vmf_k10_seed11_trainB,vmf,vmf_k10,11,B,A,4,1782,1703,0.0891,0.08515,0,0,0,30,1783.004091621629,1402.6337425311935,,unavailable
vmf_k10_seed11_trainB,vmf,vmf_k10,11,B,A,5,2936,2879,0.1468,0.14395,0,0,0,30,2936.3331768709722,1415.4796061959253,,unavailable
vmf_k10_seed11_trainB,vmf,vmf_k10,11,B,A,6,2392,2486,0.1196,0.1243,0,0,0,30,2390.021189099883,1351.6940012594366,,unavailable
vmf_k10_seed11_trainB,vmf,vmf_k10,11,B,A,7,2261,2230,0.11305,0.1115,0,0,0,30,2260.8610476472686,1095.5826847696405,,unavailable
vmf_k10_seed11_trainB,vmf,vmf_k10,11,B,A,8,2501,2490,0.12505,0.1245,0,0,0,30,2498.802305811999,1163.5028579998984,,unavailable
vmf_k10_seed11_trainB,vmf,vmf_k10,11,B,A,9,1342,1355,0.0671,0.06775,0,0,0,30,1342.6512884176548,1424.9866778997207,,unavailable
vmf_k10_seed11_trainB,vmf,vmf_k10,11,B,C,0,1211,1258,0.06055,0.0629,0,0,0,30,1210.3346535428025,1557.8127745588117,,unavailable
vmf_k10_seed11_trainB,vmf,vmf_k10,11,B,C,1,2630,2630,0.1315,0.1315,0,0,0,30,2632.103260049048,1558.8645636224448,,unavailable
vmf_k10_seed11_trainB,vmf,vmf_k10,11,B,C,2,1183,1189,0.05915,0.05945,0,0,0,30,1183.0386446051139,1815.0956419651527,,unavailable
vmf_k10_seed11_trainB,vmf,vmf_k10,11,B,C,3,1762,1791,0.0881,0.08955,0,0,0,30,1762.8503423336297,1430.034410996696,,unavailable
vmf_k10_seed11_trainB,vmf,vmf_k10,11,B,C,4,1782,1723,0.0891,0.08615,0,0,0,30,1783.004091621629,1402.6337425311935,,unavailable
vmf_k10_seed11_trainB,vmf,vmf_k10,11,B,C,5,2936,2893,0.1468,0.14465,0,0,0,30,2936.3331768709722,1415.4796061959253,,unavailable
vmf_k10_seed11_trainB,vmf,vmf_k10,11,B,C,6,2392,2386,0.1196,0.1193,0,0,0,30,2390.021189099883,1351.6940012594366,,unavailable
vmf_k10_seed11_trainB,vmf,vmf_k10,11,B,C,7,2261,2326,0.11305,0.1163,0,0,0,30,2260.8610476472686,1095.5826847696405,,unavailable
vmf_k10_seed11_trainB,vmf,vmf_k10,11,B,C,8,2501,2471,0.12505,0.12355,0,0,0,30,2498.802305811999,1163.5028579998984,,unavailable
vmf_k10_seed11_trainB,vmf,vmf_k10,11,B,C,9,1342,1333,0.0671,0.06665,0,0,0,30,1342.6512884176548,1424.9866778997207,,unavailable
vmf_k10_seed29_trainB,vmf,vmf_k10,29,B,A,0,2803,2779,0.14015,0.13895,0,0,0,30,2800.7977285622,1164.9944426489449,,unavailable
vmf_k10_seed29_trainB,vmf,vmf_k10,29,B,A,1,2048,2030,0.1024,0.1015,0,0,0,30,2048.9877992509096,1125.9708360322886,,unavailable
vmf_k10_seed29_trainB,vmf,vmf_k10,29,B,A,2,1144,1195,0.0572,0.05975,0,0,0,30,1143.9581942527334,1677.051221947644,,unavailable
vmf_k10_seed29_trainB,vmf,vmf_k10,29,B,A,3,1675,1696,0.08375,0.0848,0,0,0,30,1675.6652855058362,1606.6231209241405,,unavailable
vmf_k10_seed29_trainB,vmf,vmf_k10,29,B,A,4,2901,2972,0.14505,0.1486,0,0,0,30,2901.3552376478506,1233.723444408048,,unavailable
vmf_k10_seed29_trainB,vmf,vmf_k10,29,B,A,5,1562,1467,0.0781,0.07335,0,0,0,30,1562.0454968362835,1428.3328640817883,,unavailable
vmf_k10_seed29_trainB,vmf,vmf_k10,29,B,A,6,1959,1976,0.09795,0.0988,0,0,0,30,1959.3260822736133,1575.0339592339833,,unavailable
vmf_k10_seed29_trainB,vmf,vmf_k10,29,B,A,7,1687,1704,0.08435,0.0852,0,0,0,30,1686.708854305999,1635.8766808530734,,unavailable
vmf_k10_seed29_trainB,vmf,vmf_k10,29,B,A,8,1210,1236,0.0605,0.0618,0,0,0,30,1209.8442371219153,1465.6540325993892,,unavailable
vmf_k10_seed29_trainB,vmf,vmf_k10,29,B,A,9,3011,2945,0.15055,0.14725,0,0,0,30,3011.3110842426618,1396.6487649304581,,unavailable
vmf_k10_seed29_trainB,vmf,vmf_k10,29,B,C,0,2803,2828,0.14015,0.1414,0,0,0,30,2800.7977285622,1164.9944426489449,,unavailable
vmf_k10_seed29_trainB,vmf,vmf_k10,29,B,C,1,2048,2091,0.1024,0.10455,0,0,0,30,2048.9877992509096,1125.9708360322886,,unavailable
vmf_k10_seed29_trainB,vmf,vmf_k10,29,B,C,2,1144,1128,0.0572,0.0564,0,0,0,30,1143.9581942527334,1677.051221947644,,unavailable
vmf_k10_seed29_trainB,vmf,vmf_k10,29,B,C,3,1675,1727,0.08375,0.08635,0,0,0,30,1675.6652855058362,1606.6231209241405,,unavailable
vmf_k10_seed29_trainB,vmf,vmf_k10,29,B,C,4,2901,2956,0.14505,0.1478,0,0,0,30,2901.3552376478506,1233.723444408048,,unavailable
vmf_k10_seed29_trainB,vmf,vmf_k10,29,B,C,5,1562,1440,0.0781,0.072,0,0,0,30,1562.0454968362835,1428.3328640817883,,unavailable
vmf_k10_seed29_trainB,vmf,vmf_k10,29,B,C,6,1959,1980,0.09795,0.099,0,0,0,30,1959.3260822736133,1575.0339592339833,,unavailable
vmf_k10_seed29_trainB,vmf,vmf_k10,29,B,C,7,1687,1675,0.08435,0.08375,0,0,0,30,1686.708854305999,1635.8766808530734,,unavailable
vmf_k10_seed29_trainB,vmf,vmf_k10,29,B,C,8,1210,1205,0.0605,0.06025,0,0,0,30,1209.8442371219153,1465.6540325993892,,unavailable
vmf_k10_seed29_trainB,vmf,vmf_k10,29,B,C,9,3011,2970,0.15055,0.1485,0,0,0,30,3011.3110842426618,1396.6487649304581,,unavailable
vmf_k20_seed11_trainB,vmf,vmf_k20,11,B,A,0,1120,1173,0.056,0.05865,0,0,0,30,1119.7491528872858,1705.4461520775756,,unavailable
vmf_k20_seed11_trainB,vmf,vmf_k20,11,B,A,1,726,702,0.0363,0.0351,0,0,0,30,725.9522680114059,1993.0211938905966,,unavailable
vmf_k20_seed11_trainB,vmf,vmf_k20,11,B,A,2,1153,1182,0.05765,0.0591,0,0,0,30,1153.4341181664038,1484.8031303121613,,unavailable
vmf_k20_seed11_trainB,vmf,vmf_k20,11,B,A,3,903,972,0.04515,0.0486,0,0,0,30,902.6808286016334,1786.2356536724792,,unavailable
vmf_k20_seed11_trainB,vmf,vmf_k20,11,B,A,4,724,702,0.0362,0.0351,0,0,0,30,724.0735048702059,1402.9836494238805,,unavailable
vmf_k20_seed11_trainB,vmf,vmf_k20,11,B,A,5,621,646,0.03105,0.0323,0,0,0,30,620.8531809855491,1584.432890715039,,unavailable
vmf_k20_seed11_trainB,vmf,vmf_k20,11,B,A,6,198,202,0.0099,0.0101,0,0,0,30,197.99679725979334,3819.1870367422366,,unavailable
vmf_k20_seed11_trainB,vmf,vmf_k20,11,B,A,7,1340,1271,0.067,0.06355,0,0,0,30,1339.693921308383,1193.9109038654087,,unavailable
vmf_k20_seed11_trainB,vmf,vmf_k20,11,B,A,8,1311,1313,0.06555,0.06565,0,0,0,30,1310.5692919148992,1328.1567558827526,,unavailable
vmf_k20_seed11_trainB,vmf,vmf_k20,11,B,A,9,1164,1166,0.0582,0.0583,0,0,0,30,1163.5860097105783,1483.7422663095406,,unavailable
vmf_k20_seed11_trainB,vmf,vmf_k20,11,B,A,10,1124,1098,0.0562,0.0549,0,0,0,30,1124.1030878447195,1556.5114025239084,,unavailable
vmf_k20_seed11_trainB,vmf,vmf_k20,11,B,A,11,980,1021,0.049,0.05105,0,0,0,30,980.0655687915973,1625.7307770351654,,unavailable
vmf_k20_seed11_trainB,vmf,vmf_k20,11,B,A,12,1001,1022,0.05005,0.0511,0,0,0,30,1001.1187522336766,1882.8585232648768,,unavailable
vmf_k20_seed11_trainB,vmf,vmf_k20,11,B,A,13,1738,1710,0.0869,0.0855,0,0,0,30,1738.5065192283464,1469.5107452972304,,unavailable
vmf_k20_seed11_trainB,vmf,vmf_k20,11,B,A,14,853,854,0.04265,0.0427,0,0,0,30,852.9717019089371,1586.2454772950682,,unavailable
vmf_k20_seed11_trainB,vmf,vmf_k20,11,B,A,15,959,937,0.04795,0.04685,0,0,0,30,959.3532395067851,1666.738733894846,,unavailable
vmf_k20_seed11_trainB,vmf,vmf_k20,11,B,A,16,501,486,0.02505,0.0243,0,0,0,30,500.9376314229418,1621.676555325441,,unavailable
vmf_k20_seed11_trainB,vmf,vmf_k20,11,B,A,17,1480,1457,0.074,0.07285,0,0,0,30,1480.249947214135,1245.8182351016874,,unavailable
vmf_k20_seed11_trainB,vmf,vmf_k20,11,B,A,18,1204,1196,0.0602,0.0598,0,0,0,30,1203.8980909856286,1513.3692032429108,,unavailable
vmf_k20_seed11_trainB,vmf,vmf_k20,11,B,A,19,900,890,0.045,0.0445,0,0,0,30,900.2063871470949,1232.143754724769,,unavailable
vmf_k20_seed11_trainB,vmf,vmf_k20,11,B,C,0,1120,1132,0.056,0.0566,0,0,0,30,1119.7491528872858,1705.4461520775756,,unavailable
vmf_k20_seed11_trainB,vmf,vmf_k20,11,B,C,1,726,686,0.0363,0.0343,0,0,0,30,725.9522680114059,1993.0211938905966,,unavailable
vmf_k20_seed11_trainB,vmf,vmf_k20,11,B,C,2,1153,1151,0.05765,0.05755,0,0,0,30,1153.4341181664038,1484.8031303121613,,unavailable
vmf_k20_seed11_trainB,vmf,vmf_k20,11,B,C,3,903,904,0.04515,0.0452,0,0,0,30,902.6808286016334,1786.2356536724792,,unavailable
vmf_k20_seed11_trainB,vmf,vmf_k20,11,B,C,4,724,712,0.0362,0.0356,0,0,0,30,724.0735048702059,1402.9836494238805,,unavailable
vmf_k20_seed11_trainB,vmf,vmf_k20,11,B,C,5,621,659,0.03105,0.03295,0,0,0,30,620.8531809855491,1584.432890715039,,unavailable
vmf_k20_seed11_trainB,vmf,vmf_k20,11,B,C,6,198,193,0.0099,0.00965,0,0,0,30,197.99679725979334,3819.1870367422366,,unavailable
vmf_k20_seed11_trainB,vmf,vmf_k20,11,B,C,7,1340,1344,0.067,0.0672,0,0,0,30,1339.693921308383,1193.9109038654087,,unavailable
vmf_k20_seed11_trainB,vmf,vmf_k20,11,B,C,8,1311,1371,0.06555,0.06855,0,0,0,30,1310.5692919148992,1328.1567558827526,,unavailable
vmf_k20_seed11_trainB,vmf,vmf_k20,11,B,C,9,1164,1168,0.0582,0.0584,0,0,0,30,1163.5860097105783,1483.7422663095406,,unavailable
vmf_k20_seed11_trainB,vmf,vmf_k20,11,B,C,10,1124,1143,0.0562,0.05715,0,0,0,30,1124.1030878447195,1556.5114025239084,,unavailable
vmf_k20_seed11_trainB,vmf,vmf_k20,11,B,C,11,980,949,0.049,0.04745,0,0,0,30,980.0655687915973,1625.7307770351654,,unavailable
vmf_k20_seed11_trainB,vmf,vmf_k20,11,B,C,12,1001,997,0.05005,0.04985,0,0,0,30,1001.1187522336766,1882.8585232648768,,unavailable
vmf_k20_seed11_trainB,vmf,vmf_k20,11,B,C,13,1738,1715,0.0869,0.08575,0,0,0,30,1738.5065192283464,1469.5107452972304,,unavailable
vmf_k20_seed11_trainB,vmf,vmf_k20,11,B,C,14,853,837,0.04265,0.04185,0,0,0,30,852.9717019089371,1586.2454772950682,,unavailable
vmf_k20_seed11_trainB,vmf,vmf_k20,11,B,C,15,959,984,0.04795,0.0492,0,0,0,30,959.3532395067851,1666.738733894846,,unavailable
vmf_k20_seed11_trainB,vmf,vmf_k20,11,B,C,16,501,517,0.02505,0.02585,0,0,0,30,500.9376314229418,1621.676555325441,,unavailable
vmf_k20_seed11_trainB,vmf,vmf_k20,11,B,C,17,1480,1491,0.074,0.07455,0,0,0,30,1480.249947214135,1245.8182351016874,,unavailable
vmf_k20_seed11_trainB,vmf,vmf_k20,11,B,C,18,1204,1191,0.0602,0.05955,0,0,0,30,1203.8980909856286,1513.3692032429108,,unavailable
vmf_k20_seed11_trainB,vmf,vmf_k20,11,B,C,19,900,856,0.045,0.0428,0,0,0,30,900.2063871470949,1232.143754724769,,unavailable
vmf_k20_seed29_trainB,vmf,vmf_k20,29,B,A,0,1071,1069,0.05355,0.05345,0,0,0,30,1070.9789101123868,1210.955853783696,,unavailable
vmf_k20_seed29_trainB,vmf,vmf_k20,29,B,A,1,954,1015,0.0477,0.05075,0,0,0,30,953.9128410305574,1512.3356271671046,,unavailable
vmf_k20_seed29_trainB,vmf,vmf_k20,29,B,A,2,1253,1220,0.06265,0.061,0,0,0,30,1252.62135211249,1291.6694102187737,,unavailable
vmf_k20_seed29_trainB,vmf,vmf_k20,29,B,A,3,1060,1094,0.053,0.0547,0,0,0,30,1059.9201969921405,1763.4916591152103,,unavailable
vmf_k20_seed29_trainB,vmf,vmf_k20,29,B,A,4,890,905,0.0445,0.04525,0,0,0,30,889.7278202678699,1455.169360735911,,unavailable
vmf_k20_seed29_trainB,vmf,vmf_k20,29,B,A,5,686,686,0.0343,0.0343,0,0,0,30,686.0286589352855,1654.5441556055102,,unavailable
vmf_k20_seed29_trainB,vmf,vmf_k20,29,B,A,6,360,379,0.018,0.01895,0,0,0,30,359.9739056064024,2095.396241074635,,unavailable
vmf_k20_seed29_trainB,vmf,vmf_k20,29,B,A,7,619,594,0.03095,0.0297,0,0,0,30,618.8391863837264,2094.51515209423,,unavailable
vmf_k20_seed29_trainB,vmf,vmf_k20,29,B,A,8,1041,1056,0.05205,0.0528,0,0,0,30,1041.2369036855966,1586.8571746477655,,unavailable
vmf_k20_seed29_trainB,vmf,vmf_k20,29,B,A,9,1816,1682,0.0908,0.0841,0,0,0,30,1814.873709887313,1508.3172442335192,,unavailable
vmf_k20_seed29_trainB,vmf,vmf_k20,29,B,A,10,1186,1173,0.0593,0.05865,0,0,0,30,1186.187238263132,1539.5443894915434,,unavailable
vmf_k20_seed29_trainB,vmf,vmf_k20,29,B,A,11,780,761,0.039,0.03805,0,0,0,30,780.3628698000507,1435.2245292552527,,unavailable
vmf_k20_seed29_trainB,vmf,vmf_k20,29,B,A,12,813,781,0.04065,0.03905,0,0,0,30,812.8577633029847,1648.6717090038167,,unavailable
vmf_k20_seed29_trainB,vmf,vmf_k20,29,B,A,13,1478,1469,0.0739,0.07345,0,0,0,30,1478.8878824310507,1205.598191724582,,unavailable
vmf_k20_seed29_trainB,vmf,vmf_k20,29,B,A,14,1699,1775,0.08495,0.08875,0,0,0,30,1699.2775656390663,1287.4948650920078,,unavailable
vmf_k20_seed29_trainB,vmf,vmf_k20,29,B,A,15,483,486,0.02415,0.0243,0,0,0,30,482.9892555576609,1951.3691469114488,,unavailable
vmf_k20_seed29_trainB,vmf,vmf_k20,29,B,A,16,922,927,0.0461,0.04635,0,0,0,30,922.0366042605019,1846.7400017661344,,unavailable
vmf_k20_seed29_trainB,vmf,vmf_k20,29,B,A,17,995,1006,0.04975,0.0503,0,0,0,30,995.3451501260628,1483.5669217982884,,unavailable
vmf_k20_seed29_trainB,vmf,vmf_k20,29,B,A,18,799,847,0.03995,0.04235,0,0,0,30,799.2048652371102,1859.6609705071644,,unavailable
vmf_k20_seed29_trainB,vmf,vmf_k20,29,B,A,19,1095,1075,0.05475,0.05375,0,0,0,30,1094.7373203686104,1564.725377793045,,unavailable
vmf_k20_seed29_trainB,vmf,vmf_k20,29,B,C,0,1071,1039,0.05355,0.05195,0,0,0,30,1070.9789101123868,1210.955853783696,,unavailable
vmf_k20_seed29_trainB,vmf,vmf_k20,29,B,C,1,954,975,0.0477,0.04875,0,0,0,30,953.9128410305574,1512.3356271671046,,unavailable
vmf_k20_seed29_trainB,vmf,vmf_k20,29,B,C,2,1253,1248,0.06265,0.0624,0,0,0,30,1252.62135211249,1291.6694102187737,,unavailable
vmf_k20_seed29_trainB,vmf,vmf_k20,29,B,C,3,1060,1049,0.053,0.05245,0,0,0,30,1059.9201969921405,1763.4916591152103,,unavailable
vmf_k20_seed29_trainB,vmf,vmf_k20,29,B,C,4,890,945,0.0445,0.04725,0,0,0,30,889.7278202678699,1455.169360735911,,unavailable
vmf_k20_seed29_trainB,vmf,vmf_k20,29,B,C,5,686,676,0.0343,0.0338,0,0,0,30,686.0286589352855,1654.5441556055102,,unavailable
vmf_k20_seed29_trainB,vmf,vmf_k20,29,B,C,6,360,366,0.018,0.0183,0,0,0,30,359.9739056064024,2095.396241074635,,unavailable
vmf_k20_seed29_trainB,vmf,vmf_k20,29,B,C,7,619,593,0.03095,0.02965,0,0,0,30,618.8391863837264,2094.51515209423,,unavailable
vmf_k20_seed29_trainB,vmf,vmf_k20,29,B,C,8,1041,1009,0.05205,0.05045,0,0,0,30,1041.2369036855966,1586.8571746477655,,unavailable
vmf_k20_seed29_trainB,vmf,vmf_k20,29,B,C,9,1816,1753,0.0908,0.08765,0,0,0,30,1814.873709887313,1508.3172442335192,,unavailable
vmf_k20_seed29_trainB,vmf,vmf_k20,29,B,C,10,1186,1230,0.0593,0.0615,0,0,0,30,1186.187238263132,1539.5443894915434,,unavailable
vmf_k20_seed29_trainB,vmf,vmf_k20,29,B,C,11,780,740,0.039,0.037,0,0,0,30,780.3628698000507,1435.2245292552527,,unavailable
vmf_k20_seed29_trainB,vmf,vmf_k20,29,B,C,12,813,739,0.04065,0.03695,0,0,0,30,812.8577633029847,1648.6717090038167,,unavailable
vmf_k20_seed29_trainB,vmf,vmf_k20,29,B,C,13,1478,1503,0.0739,0.07515,0,0,0,30,1478.8878824310507,1205.598191724582,,unavailable
vmf_k20_seed29_trainB,vmf,vmf_k20,29,B,C,14,1699,1789,0.08495,0.08945,0,0,0,30,1699.2775656390663,1287.4948650920078,,unavailable
vmf_k20_seed29_trainB,vmf,vmf_k20,29,B,C,15,483,483,0.02415,0.02415,0,0,0,30,482.9892555576609,1951.3691469114488,,unavailable
vmf_k20_seed29_trainB,vmf,vmf_k20,29,B,C,16,922,930,0.0461,0.0465,0,0,0,30,922.0366042605019,1846.7400017661344,,unavailable
vmf_k20_seed29_trainB,vmf,vmf_k20,29,B,C,17,995,1005,0.04975,0.05025,0,0,0,30,995.3451501260628,1483.5669217982884,,unavailable
vmf_k20_seed29_trainB,vmf,vmf_k20,29,B,C,18,799,792,0.03995,0.0396,0,0,0,30,799.2048652371102,1859.6609705071644,,unavailable
vmf_k20_seed29_trainB,vmf,vmf_k20,29,B,C,19,1095,1136,0.05475,0.0568,0,0,0,30,1094.7373203686104,1564.725377793045,,unavailable
density_nn15_q0.5_trainB,density,density_nn15_q0.5,,B,A,0,9973,14186,0.49865,0.7093,0,0,0,30,,,,unavailable
density_nn15_q0.5_trainB,density,density_nn15_q0.5,,B,C,0,9973,14127,0.49865,0.70635,0,0,0,30,,,,unavailable
density_nn15_q0.8_trainB,density,density_nn15_q0.8,,B,A,0,3856,7710,0.1928,0.3855,0,0,0,30,,,,unavailable
density_nn15_q0.8_trainB,density,density_nn15_q0.8,,B,A,1,30,62,0.0015,0.0031,0,0,0,30,,,,unavailable
density_nn15_q0.8_trainB,density,density_nn15_q0.8,,B,C,0,3856,7536,0.1928,0.3768,0,0,0,30,,,,unavailable
density_nn15_q0.8_trainB,density,density_nn15_q0.8,,B,C,1,30,68,0.0015,0.0034,0,0,0,30,,,,unavailable
density_nn30_q0.5_trainB,density,density_nn30_q0.5,,B,A,0,9999,16612,0.49995,0.8306,0,0,0,30,,,,unavailable
density_nn30_q0.5_trainB,density,density_nn30_q0.5,,B,C,0,9999,16616,0.49995,0.8308,0,0,0,30,,,,unavailable
density_nn30_q0.8_trainB,density,density_nn30_q0.8,,B,A,0,3955,10413,0.19775,0.52065,0,0,0,30,,,,unavailable
density_nn30_q0.8_trainB,density,density_nn30_q0.8,,B,C,0,3955,10213,0.19775,0.51065,0,0,0,30,,,,unavailable
spherical_kmeans_k10_seed11_trainC,spherical_kmeans,spherical_kmeans_k10,11,C,A,0,1695,1646,0.08475,0.0823,0,0,0,30,,,,unavailable
spherical_kmeans_k10_seed11_trainC,spherical_kmeans,spherical_kmeans_k10,11,C,A,1,2050,2062,0.1025,0.1031,0,0,0,30,,,,unavailable
spherical_kmeans_k10_seed11_trainC,spherical_kmeans,spherical_kmeans_k10,11,C,A,2,1490,1514,0.0745,0.0757,0,0,0,30,,,,unavailable
spherical_kmeans_k10_seed11_trainC,spherical_kmeans,spherical_kmeans_k10,11,C,A,3,2192,2174,0.1096,0.1087,0,0,0,30,,,,unavailable
spherical_kmeans_k10_seed11_trainC,spherical_kmeans,spherical_kmeans_k10,11,C,A,4,1864,1927,0.0932,0.09635,0,0,0,30,,,,unavailable
spherical_kmeans_k10_seed11_trainC,spherical_kmeans,spherical_kmeans_k10,11,C,A,5,3441,3384,0.17205,0.1692,0,0,0,30,,,,unavailable
spherical_kmeans_k10_seed11_trainC,spherical_kmeans,spherical_kmeans_k10,11,C,A,6,1861,1875,0.09305,0.09375,0,0,0,30,,,,unavailable
spherical_kmeans_k10_seed11_trainC,spherical_kmeans,spherical_kmeans_k10,11,C,A,7,1434,1436,0.0717,0.0718,0,0,0,30,,,,unavailable
spherical_kmeans_k10_seed11_trainC,spherical_kmeans,spherical_kmeans_k10,11,C,A,8,2117,2067,0.10585,0.10335,0,0,0,30,,,,unavailable
spherical_kmeans_k10_seed11_trainC,spherical_kmeans,spherical_kmeans_k10,11,C,A,9,1856,1915,0.0928,0.09575,0,0,0,30,,,,unavailable
spherical_kmeans_k10_seed11_trainC,spherical_kmeans,spherical_kmeans_k10,11,C,B,0,1695,1661,0.08475,0.08305,0,0,0,30,,,,unavailable
spherical_kmeans_k10_seed11_trainC,spherical_kmeans,spherical_kmeans_k10,11,C,B,1,2050,2084,0.1025,0.1042,0,0,0,30,,,,unavailable
spherical_kmeans_k10_seed11_trainC,spherical_kmeans,spherical_kmeans_k10,11,C,B,2,1490,1504,0.0745,0.0752,0,0,0,30,,,,unavailable
spherical_kmeans_k10_seed11_trainC,spherical_kmeans,spherical_kmeans_k10,11,C,B,3,2192,2132,0.1096,0.1066,0,0,0,30,,,,unavailable
spherical_kmeans_k10_seed11_trainC,spherical_kmeans,spherical_kmeans_k10,11,C,B,4,1864,1925,0.0932,0.09625,0,0,0,30,,,,unavailable
spherical_kmeans_k10_seed11_trainC,spherical_kmeans,spherical_kmeans_k10,11,C,B,5,3441,3437,0.17205,0.17185,0,0,0,30,,,,unavailable
spherical_kmeans_k10_seed11_trainC,spherical_kmeans,spherical_kmeans_k10,11,C,B,6,1861,1867,0.09305,0.09335,0,0,0,30,,,,unavailable
spherical_kmeans_k10_seed11_trainC,spherical_kmeans,spherical_kmeans_k10,11,C,B,7,1434,1401,0.0717,0.07005,0,0,0,30,,,,unavailable
spherical_kmeans_k10_seed11_trainC,spherical_kmeans,spherical_kmeans_k10,11,C,B,8,2117,2099,0.10585,0.10495,0,0,0,30,,,,unavailable
spherical_kmeans_k10_seed11_trainC,spherical_kmeans,spherical_kmeans_k10,11,C,B,9,1856,1890,0.0928,0.0945,0,0,0,30,,,,unavailable
spherical_kmeans_k10_seed29_trainC,spherical_kmeans,spherical_kmeans_k10,29,C,A,0,1304,1287,0.0652,0.06435,0,0,0,30,,,,unavailable
spherical_kmeans_k10_seed29_trainC,spherical_kmeans,spherical_kmeans_k10,29,C,A,1,1938,1934,0.0969,0.0967,0,0,0,30,,,,unavailable
spherical_kmeans_k10_seed29_trainC,spherical_kmeans,spherical_kmeans_k10,29,C,A,2,1459,1506,0.07295,0.0753,0,0,0,30,,,,unavailable
spherical_kmeans_k10_seed29_trainC,spherical_kmeans,spherical_kmeans_k10,29,C,A,3,2660,2602,0.133,0.1301,0,0,0,30,,,,unavailable
spherical_kmeans_k10_seed29_trainC,spherical_kmeans,spherical_kmeans_k10,29,C,A,4,2213,2256,0.11065,0.1128,0,0,0,30,,,,unavailable
spherical_kmeans_k10_seed29_trainC,spherical_kmeans,spherical_kmeans_k10,29,C,A,5,1325,1373,0.06625,0.06865,0,0,0,30,,,,unavailable
spherical_kmeans_k10_seed29_trainC,spherical_kmeans,spherical_kmeans_k10,29,C,A,6,1694,1594,0.0847,0.0797,0,0,0,30,,,,unavailable
spherical_kmeans_k10_seed29_trainC,spherical_kmeans,spherical_kmeans_k10,29,C,A,7,2795,2790,0.13975,0.1395,0,0,0,30,,,,unavailable
spherical_kmeans_k10_seed29_trainC,spherical_kmeans,spherical_kmeans_k10,29,C,A,8,2139,2180,0.10695,0.109,0,0,0,30,,,,unavailable
spherical_kmeans_k10_seed29_trainC,spherical_kmeans,spherical_kmeans_k10,29,C,A,9,2473,2478,0.12365,0.1239,0,0,0,30,,,,unavailable
spherical_kmeans_k10_seed29_trainC,spherical_kmeans,spherical_kmeans_k10,29,C,B,0,1304,1275,0.0652,0.06375,0,0,0,30,,,,unavailable
spherical_kmeans_k10_seed29_trainC,spherical_kmeans,spherical_kmeans_k10,29,C,B,1,1938,1928,0.0969,0.0964,0,0,0,30,,,,unavailable
spherical_kmeans_k10_seed29_trainC,spherical_kmeans,spherical_kmeans_k10,29,C,B,2,1459,1443,0.07295,0.07215,0,0,0,30,,,,unavailable
spherical_kmeans_k10_seed29_trainC,spherical_kmeans,spherical_kmeans_k10,29,C,B,3,2660,2573,0.133,0.12865,0,0,0,30,,,,unavailable
spherical_kmeans_k10_seed29_trainC,spherical_kmeans,spherical_kmeans_k10,29,C,B,4,2213,2218,0.11065,0.1109,0,0,0,30,,,,unavailable
spherical_kmeans_k10_seed29_trainC,spherical_kmeans,spherical_kmeans_k10,29,C,B,5,1325,1389,0.06625,0.06945,0,0,0,30,,,,unavailable
spherical_kmeans_k10_seed29_trainC,spherical_kmeans,spherical_kmeans_k10,29,C,B,6,1694,1690,0.0847,0.0845,0,0,0,30,,,,unavailable
spherical_kmeans_k10_seed29_trainC,spherical_kmeans,spherical_kmeans_k10,29,C,B,7,2795,2775,0.13975,0.13875,0,0,0,30,,,,unavailable
spherical_kmeans_k10_seed29_trainC,spherical_kmeans,spherical_kmeans_k10,29,C,B,8,2139,2150,0.10695,0.1075,0,0,0,30,,,,unavailable
spherical_kmeans_k10_seed29_trainC,spherical_kmeans,spherical_kmeans_k10,29,C,B,9,2473,2559,0.12365,0.12795,0,0,0,30,,,,unavailable
spherical_kmeans_k20_seed11_trainC,spherical_kmeans,spherical_kmeans_k20,11,C,A,0,1110,1074,0.0555,0.0537,0,0,0,30,,,,unavailable
spherical_kmeans_k20_seed11_trainC,spherical_kmeans,spherical_kmeans_k20,11,C,A,1,1230,1222,0.0615,0.0611,0,0,0,30,,,,unavailable
spherical_kmeans_k20_seed11_trainC,spherical_kmeans,spherical_kmeans_k20,11,C,A,2,986,1024,0.0493,0.0512,0,0,0,30,,,,unavailable
spherical_kmeans_k20_seed11_trainC,spherical_kmeans,spherical_kmeans_k20,11,C,A,3,1244,1291,0.0622,0.06455,0,0,0,30,,,,unavailable
spherical_kmeans_k20_seed11_trainC,spherical_kmeans,spherical_kmeans_k20,11,C,A,4,1734,1744,0.0867,0.0872,0,0,0,30,,,,unavailable
spherical_kmeans_k20_seed11_trainC,spherical_kmeans,spherical_kmeans_k20,11,C,A,5,1212,1174,0.0606,0.0587,0,0,0,30,,,,unavailable
spherical_kmeans_k20_seed11_trainC,spherical_kmeans,spherical_kmeans_k20,11,C,A,6,1059,1034,0.05295,0.0517,0,0,0,30,,,,unavailable
spherical_kmeans_k20_seed11_trainC,spherical_kmeans,spherical_kmeans_k20,11,C,A,7,1034,1024,0.0517,0.0512,0,0,0,30,,,,unavailable
spherical_kmeans_k20_seed11_trainC,spherical_kmeans,spherical_kmeans_k20,11,C,A,8,1298,1312,0.0649,0.0656,0,0,0,30,,,,unavailable
spherical_kmeans_k20_seed11_trainC,spherical_kmeans,spherical_kmeans_k20,11,C,A,9,982,1022,0.0491,0.0511,0,0,0,30,,,,unavailable
spherical_kmeans_k20_seed11_trainC,spherical_kmeans,spherical_kmeans_k20,11,C,A,10,938,899,0.0469,0.04495,0,0,0,30,,,,unavailable
spherical_kmeans_k20_seed11_trainC,spherical_kmeans,spherical_kmeans_k20,11,C,A,11,978,947,0.0489,0.04735,0,0,0,30,,,,unavailable
spherical_kmeans_k20_seed11_trainC,spherical_kmeans,spherical_kmeans_k20,11,C,A,12,566,561,0.0283,0.02805,0,0,0,30,,,,unavailable
spherical_kmeans_k20_seed11_trainC,spherical_kmeans,spherical_kmeans_k20,11,C,A,13,768,791,0.0384,0.03955,0,0,0,30,,,,unavailable
spherical_kmeans_k20_seed11_trainC,spherical_kmeans,spherical_kmeans_k20,11,C,A,14,573,580,0.02865,0.029,0,0,0,30,,,,unavailable
spherical_kmeans_k20_seed11_trainC,spherical_kmeans,spherical_kmeans_k20,11,C,A,15,854,812,0.0427,0.0406,0,0,0,30,,,,unavailable
spherical_kmeans_k20_seed11_trainC,spherical_kmeans,spherical_kmeans_k20,11,C,A,16,644,666,0.0322,0.0333,0,0,0,30,,,,unavailable
spherical_kmeans_k20_seed11_trainC,spherical_kmeans,spherical_kmeans_k20,11,C,A,17,872,875,0.0436,0.04375,0,0,0,30,,,,unavailable
spherical_kmeans_k20_seed11_trainC,spherical_kmeans,spherical_kmeans_k20,11,C,A,18,736,735,0.0368,0.03675,0,0,0,30,,,,unavailable
spherical_kmeans_k20_seed11_trainC,spherical_kmeans,spherical_kmeans_k20,11,C,A,19,1182,1213,0.0591,0.06065,0,0,0,30,,,,unavailable
spherical_kmeans_k20_seed11_trainC,spherical_kmeans,spherical_kmeans_k20,11,C,B,0,1110,1078,0.0555,0.0539,0,0,0,30,,,,unavailable
spherical_kmeans_k20_seed11_trainC,spherical_kmeans,spherical_kmeans_k20,11,C,B,1,1230,1258,0.0615,0.0629,0,0,0,30,,,,unavailable
spherical_kmeans_k20_seed11_trainC,spherical_kmeans,spherical_kmeans_k20,11,C,B,2,986,999,0.0493,0.04995,0,0,0,30,,,,unavailable
spherical_kmeans_k20_seed11_trainC,spherical_kmeans,spherical_kmeans_k20,11,C,B,3,1244,1261,0.0622,0.06305,0,0,0,30,,,,unavailable
spherical_kmeans_k20_seed11_trainC,spherical_kmeans,spherical_kmeans_k20,11,C,B,4,1734,1790,0.0867,0.0895,0,0,0,30,,,,unavailable
spherical_kmeans_k20_seed11_trainC,spherical_kmeans,spherical_kmeans_k20,11,C,B,5,1212,1075,0.0606,0.05375,0,0,0,30,,,,unavailable
spherical_kmeans_k20_seed11_trainC,spherical_kmeans,spherical_kmeans_k20,11,C,B,6,1059,1070,0.05295,0.0535,0,0,0,30,,,,unavailable
spherical_kmeans_k20_seed11_trainC,spherical_kmeans,spherical_kmeans_k20,11,C,B,7,1034,984,0.0517,0.0492,0,0,0,30,,,,unavailable
spherical_kmeans_k20_seed11_trainC,spherical_kmeans,spherical_kmeans_k20,11,C,B,8,1298,1275,0.0649,0.06375,0,0,0,30,,,,unavailable
spherical_kmeans_k20_seed11_trainC,spherical_kmeans,spherical_kmeans_k20,11,C,B,9,982,992,0.0491,0.0496,0,0,0,30,,,,unavailable
spherical_kmeans_k20_seed11_trainC,spherical_kmeans,spherical_kmeans_k20,11,C,B,10,938,944,0.0469,0.0472,0,0,0,30,,,,unavailable
spherical_kmeans_k20_seed11_trainC,spherical_kmeans,spherical_kmeans_k20,11,C,B,11,978,955,0.0489,0.04775,0,0,0,30,,,,unavailable
spherical_kmeans_k20_seed11_trainC,spherical_kmeans,spherical_kmeans_k20,11,C,B,12,566,559,0.0283,0.02795,0,0,0,30,,,,unavailable
spherical_kmeans_k20_seed11_trainC,spherical_kmeans,spherical_kmeans_k20,11,C,B,13,768,818,0.0384,0.0409,0,0,0,30,,,,unavailable
spherical_kmeans_k20_seed11_trainC,spherical_kmeans,spherical_kmeans_k20,11,C,B,14,573,592,0.02865,0.0296,0,0,0,30,,,,unavailable
spherical_kmeans_k20_seed11_trainC,spherical_kmeans,spherical_kmeans_k20,11,C,B,15,854,868,0.0427,0.0434,0,0,0,30,,,,unavailable
spherical_kmeans_k20_seed11_trainC,spherical_kmeans,spherical_kmeans_k20,11,C,B,16,644,666,0.0322,0.0333,0,0,0,30,,,,unavailable
spherical_kmeans_k20_seed11_trainC,spherical_kmeans,spherical_kmeans_k20,11,C,B,17,872,893,0.0436,0.04465,0,0,0,30,,,,unavailable
spherical_kmeans_k20_seed11_trainC,spherical_kmeans,spherical_kmeans_k20,11,C,B,18,736,766,0.0368,0.0383,0,0,0,30,,,,unavailable
spherical_kmeans_k20_seed11_trainC,spherical_kmeans,spherical_kmeans_k20,11,C,B,19,1182,1157,0.0591,0.05785,0,0,0,30,,,,unavailable
spherical_kmeans_k20_seed29_trainC,spherical_kmeans,spherical_kmeans_k20,29,C,A,0,821,818,0.04105,0.0409,0,0,0,30,,,,unavailable
spherical_kmeans_k20_seed29_trainC,spherical_kmeans,spherical_kmeans_k20,29,C,A,1,802,779,0.0401,0.03895,0,0,0,30,,,,unavailable
spherical_kmeans_k20_seed29_trainC,spherical_kmeans,spherical_kmeans_k20,29,C,A,2,794,763,0.0397,0.03815,0,0,0,30,,,,unavailable
spherical_kmeans_k20_seed29_trainC,spherical_kmeans,spherical_kmeans_k20,29,C,A,3,1166,1150,0.0583,0.0575,0,0,0,30,,,,unavailable
spherical_kmeans_k20_seed29_trainC,spherical_kmeans,spherical_kmeans_k20,29,C,A,4,1050,1090,0.0525,0.0545,0,0,0,30,,,,unavailable
spherical_kmeans_k20_seed29_trainC,spherical_kmeans,spherical_kmeans_k20,29,C,A,5,649,682,0.03245,0.0341,0,0,0,30,,,,unavailable
spherical_kmeans_k20_seed29_trainC,spherical_kmeans,spherical_kmeans_k20,29,C,A,6,889,905,0.04445,0.04525,0,0,0,30,,,,unavailable
spherical_kmeans_k20_seed29_trainC,spherical_kmeans,spherical_kmeans_k20,29,C,A,7,926,951,0.0463,0.04755,0,0,0,30,,,,unavailable
spherical_kmeans_k20_seed29_trainC,spherical_kmeans,spherical_kmeans_k20,29,C,A,8,1204,1200,0.0602,0.06,0,0,0,30,,,,unavailable
spherical_kmeans_k20_seed29_trainC,spherical_kmeans,spherical_kmeans_k20,29,C,A,9,659,676,0.03295,0.0338,0,0,0,30,,,,unavailable
spherical_kmeans_k20_seed29_trainC,spherical_kmeans,spherical_kmeans_k20,29,C,A,10,916,864,0.0458,0.0432,0,0,0,30,,,,unavailable
spherical_kmeans_k20_seed29_trainC,spherical_kmeans,spherical_kmeans_k20,29,C,A,11,1180,1241,0.059,0.06205,0,0,0,30,,,,unavailable
spherical_kmeans_k20_seed29_trainC,spherical_kmeans,spherical_kmeans_k20,29,C,A,12,995,1044,0.04975,0.0522,0,0,0,30,,,,unavailable
spherical_kmeans_k20_seed29_trainC,spherical_kmeans,spherical_kmeans_k20,29,C,A,13,1124,1097,0.0562,0.05485,0,0,0,30,,,,unavailable
spherical_kmeans_k20_seed29_trainC,spherical_kmeans,spherical_kmeans_k20,29,C,A,14,752,726,0.0376,0.0363,0,0,0,30,,,,unavailable
spherical_kmeans_k20_seed29_trainC,spherical_kmeans,spherical_kmeans_k20,29,C,A,15,1174,1201,0.0587,0.06005,0,0,0,30,,,,unavailable
spherical_kmeans_k20_seed29_trainC,spherical_kmeans,spherical_kmeans_k20,29,C,A,16,1703,1670,0.08515,0.0835,0,0,0,30,,,,unavailable
spherical_kmeans_k20_seed29_trainC,spherical_kmeans,spherical_kmeans_k20,29,C,A,17,1272,1272,0.0636,0.0636,0,0,0,30,,,,unavailable
spherical_kmeans_k20_seed29_trainC,spherical_kmeans,spherical_kmeans_k20,29,C,A,18,797,786,0.03985,0.0393,0,0,0,30,,,,unavailable
spherical_kmeans_k20_seed29_trainC,spherical_kmeans,spherical_kmeans_k20,29,C,A,19,1127,1085,0.05635,0.05425,0,0,0,30,,,,unavailable
spherical_kmeans_k20_seed29_trainC,spherical_kmeans,spherical_kmeans_k20,29,C,B,0,821,836,0.04105,0.0418,0,0,0,30,,,,unavailable
spherical_kmeans_k20_seed29_trainC,spherical_kmeans,spherical_kmeans_k20,29,C,B,1,802,853,0.0401,0.04265,0,0,0,30,,,,unavailable
spherical_kmeans_k20_seed29_trainC,spherical_kmeans,spherical_kmeans_k20,29,C,B,2,794,753,0.0397,0.03765,0,0,0,30,,,,unavailable
spherical_kmeans_k20_seed29_trainC,spherical_kmeans,spherical_kmeans_k20,29,C,B,3,1166,1174,0.0583,0.0587,0,0,0,30,,,,unavailable
spherical_kmeans_k20_seed29_trainC,spherical_kmeans,spherical_kmeans_k20,29,C,B,4,1050,1063,0.0525,0.05315,0,0,0,30,,,,unavailable
spherical_kmeans_k20_seed29_trainC,spherical_kmeans,spherical_kmeans_k20,29,C,B,5,649,672,0.03245,0.0336,0,0,0,30,,,,unavailable
spherical_kmeans_k20_seed29_trainC,spherical_kmeans,spherical_kmeans_k20,29,C,B,6,889,928,0.04445,0.0464,0,0,0,30,,,,unavailable
spherical_kmeans_k20_seed29_trainC,spherical_kmeans,spherical_kmeans_k20,29,C,B,7,926,945,0.0463,0.04725,0,0,0,30,,,,unavailable
spherical_kmeans_k20_seed29_trainC,spherical_kmeans,spherical_kmeans_k20,29,C,B,8,1204,1167,0.0602,0.05835,0,0,0,30,,,,unavailable
spherical_kmeans_k20_seed29_trainC,spherical_kmeans,spherical_kmeans_k20,29,C,B,9,659,661,0.03295,0.03305,0,0,0,30,,,,unavailable
spherical_kmeans_k20_seed29_trainC,spherical_kmeans,spherical_kmeans_k20,29,C,B,10,916,917,0.0458,0.04585,0,0,0,30,,,,unavailable
spherical_kmeans_k20_seed29_trainC,spherical_kmeans,spherical_kmeans_k20,29,C,B,11,1180,1163,0.059,0.05815,0,0,0,30,,,,unavailable
spherical_kmeans_k20_seed29_trainC,spherical_kmeans,spherical_kmeans_k20,29,C,B,12,995,1035,0.04975,0.05175,0,0,0,30,,,,unavailable
spherical_kmeans_k20_seed29_trainC,spherical_kmeans,spherical_kmeans_k20,29,C,B,13,1124,1023,0.0562,0.05115,0,0,0,30,,,,unavailable
spherical_kmeans_k20_seed29_trainC,spherical_kmeans,spherical_kmeans_k20,29,C,B,14,752,725,0.0376,0.03625,0,0,0,30,,,,unavailable
spherical_kmeans_k20_seed29_trainC,spherical_kmeans,spherical_kmeans_k20,29,C,B,15,1174,1171,0.0587,0.05855,0,0,0,30,,,,unavailable
spherical_kmeans_k20_seed29_trainC,spherical_kmeans,spherical_kmeans_k20,29,C,B,16,1703,1742,0.08515,0.0871,0,0,0,30,,,,unavailable
spherical_kmeans_k20_seed29_trainC,spherical_kmeans,spherical_kmeans_k20,29,C,B,17,1272,1287,0.0636,0.06435,0,0,0,30,,,,unavailable
spherical_kmeans_k20_seed29_trainC,spherical_kmeans,spherical_kmeans_k20,29,C,B,18,797,782,0.03985,0.0391,0,0,0,30,,,,unavailable
spherical_kmeans_k20_seed29_trainC,spherical_kmeans,spherical_kmeans_k20,29,C,B,19,1127,1103,0.05635,0.05515,0,0,0,30,,,,unavailable
vmf_k10_seed11_trainC,vmf,vmf_k10,11,C,A,0,2863,2767,0.14315,0.13835,0,0,0,30,2860.424233176961,1095.9940658363603,,unavailable
vmf_k10_seed11_trainC,vmf,vmf_k10,11,C,A,1,2391,2438,0.11955,0.1219,0,0,0,30,2395.3779161273637,1204.346401140115,,unavailable
vmf_k10_seed11_trainC,vmf,vmf_k10,11,C,A,2,1055,1083,0.05275,0.05415,0,0,0,30,1054.65370206819,1892.927611396371,,unavailable
vmf_k10_seed11_trainC,vmf,vmf_k10,11,C,A,3,2370,2344,0.1185,0.1172,0,0,0,30,2371.1694831827367,1236.3236920969266,,unavailable
vmf_k10_seed11_trainC,vmf,vmf_k10,11,C,A,4,2190,2268,0.1095,0.1134,0,0,0,30,2188.2673925514678,1350.6819579875526,,unavailable
vmf_k10_seed11_trainC,vmf,vmf_k10,11,C,A,5,2998,2967,0.1499,0.14835,0,0,0,30,2997.4375729823378,1394.4787619512283,,unavailable
vmf_k10_seed11_trainC,vmf,vmf_k10,11,C,A,6,1198,1211,0.0599,0.06055,0,0,0,30,1198.0752242155131,1802.202747794522,,unavailable
vmf_k10_seed11_trainC,vmf,vmf_k10,11,C,A,7,1334,1320,0.0667,0.066,0,0,0,30,1332.321148525386,1453.672489337204,,unavailable
vmf_k10_seed11_trainC,vmf,vmf_k10,11,C,A,8,2360,2311,0.118,0.11555,0,0,0,30,2361.0587158189487,1528.3430422162323,,unavailable
vmf_k10_seed11_trainC,vmf,vmf_k10,11,C,A,9,1241,1291,0.06205,0.06455,0,0,0,30,1241.214611351098,1652.3308894984364,,unavailable
vmf_k10_seed11_trainC,vmf,vmf_k10,11,C,B,0,2863,2786,0.14315,0.1393,0,0,0,30,2860.424233176961,1095.9940658363603,,unavailable
vmf_k10_seed11_trainC,vmf,vmf_k10,11,C,B,1,2391,2431,0.11955,0.12155,0,0,0,30,2395.3779161273637,1204.346401140115,,unavailable
vmf_k10_seed11_trainC,vmf,vmf_k10,11,C,B,2,1055,1053,0.05275,0.05265,0,0,0,30,1054.65370206819,1892.927611396371,,unavailable
vmf_k10_seed11_trainC,vmf,vmf_k10,11,C,B,3,2370,2422,0.1185,0.1211,0,0,0,30,2371.1694831827367,1236.3236920969266,,unavailable
vmf_k10_seed11_trainC,vmf,vmf_k10,11,C,B,4,2190,2199,0.1095,0.10995,0,0,0,30,2188.2673925514678,1350.6819579875526,,unavailable
vmf_k10_seed11_trainC,vmf,vmf_k10,11,C,B,5,2998,3050,0.1499,0.1525,0,0,0,30,2997.4375729823378,1394.4787619512283,,unavailable
vmf_k10_seed11_trainC,vmf,vmf_k10,11,C,B,6,1198,1214,0.0599,0.0607,0,0,0,30,1198.0752242155131,1802.202747794522,,unavailable
vmf_k10_seed11_trainC,vmf,vmf_k10,11,C,B,7,1334,1289,0.0667,0.06445,0,0,0,30,1332.321148525386,1453.672489337204,,unavailable
vmf_k10_seed11_trainC,vmf,vmf_k10,11,C,B,8,2360,2325,0.118,0.11625,0,0,0,30,2361.0587158189487,1528.3430422162323,,unavailable
vmf_k10_seed11_trainC,vmf,vmf_k10,11,C,B,9,1241,1231,0.06205,0.06155,0,0,0,30,1241.214611351098,1652.3308894984364,,unavailable
vmf_k10_seed29_trainC,vmf,vmf_k10,29,C,A,0,1245,1218,0.06225,0.0609,0,0,0,30,1245.2471302882486,1562.7623369681642,,unavailable
vmf_k10_seed29_trainC,vmf,vmf_k10,29,C,A,1,2423,2500,0.12115,0.125,0,0,0,30,2425.1699326762564,1178.5637871510814,,unavailable
vmf_k10_seed29_trainC,vmf,vmf_k10,29,C,A,2,1085,1167,0.05425,0.05835,0,0,0,30,1084.8913853387924,1730.5411978724603,,unavailable
vmf_k10_seed29_trainC,vmf,vmf_k10,29,C,A,3,2654,2649,0.1327,0.13245,0,0,0,30,2654.0892934999015,1217.5893242338036,,unavailable
vmf_k10_seed29_trainC,vmf,vmf_k10,29,C,A,4,2279,2254,0.11395,0.1127,0,0,0,30,2276.007925381695,1375.9837507351183,,unavailable
vmf_k10_seed29_trainC,vmf,vmf_k10,29,C,A,5,1402,1380,0.0701,0.069,0,0,0,30,1401.0236487030536,1462.5099610958537,,unavailable
vmf_k10_seed29_trainC,vmf,vmf_k10,29,C,A,6,2443,2345,0.12215,0.11725,0,0,0,30,2443.6137645783065,1091.4251212147478,,unavailable
vmf_k10_seed29_trainC,vmf,vmf_k10,29,C,A,7,2506,2528,0.1253,0.1264,0,0,0,30,2507.2356971458444,1574.0593926128852,,unavailable
vmf_k10_seed29_trainC,vmf,vmf_k10,29,C,A,8,1518,1494,0.0759,0.0747,0,0,0,30,1518.7938538639519,1736.9594221716823,,unavailable
vmf_k10_seed29_trainC,vmf,vmf_k10,29,C,A,9,2445,2465,0.12225,0.12325,0,0,0,30,2443.9273685239486,1459.486049891743,,unavailable
vmf_k10_seed29_trainC,vmf,vmf_k10,29,C,B,0,1245,1199,0.06225,0.05995,0,0,0,30,1245.2471302882486,1562.7623369681642,,unavailable
vmf_k10_seed29_trainC,vmf,vmf_k10,29,C,B,1,2423,2437,0.12115,0.12185,0,0,0,30,2425.1699326762564,1178.5637871510814,,unavailable
vmf_k10_seed29_trainC,vmf,vmf_k10,29,C,B,2,1085,1094,0.05425,0.0547,0,0,0,30,1084.8913853387924,1730.5411978724603,,unavailable
vmf_k10_seed29_trainC,vmf,vmf_k10,29,C,B,3,2654,2653,0.1327,0.13265,0,0,0,30,2654.0892934999015,1217.5893242338036,,unavailable
vmf_k10_seed29_trainC,vmf,vmf_k10,29,C,B,4,2279,2250,0.11395,0.1125,0,0,0,30,2276.007925381695,1375.9837507351183,,unavailable
vmf_k10_seed29_trainC,vmf,vmf_k10,29,C,B,5,1402,1438,0.0701,0.0719,0,0,0,30,1401.0236487030536,1462.5099610958537,,unavailable
vmf_k10_seed29_trainC,vmf,vmf_k10,29,C,B,6,2443,2376,0.12215,0.1188,0,0,0,30,2443.6137645783065,1091.4251212147478,,unavailable
vmf_k10_seed29_trainC,vmf,vmf_k10,29,C,B,7,2506,2513,0.1253,0.12565,0,0,0,30,2507.2356971458444,1574.0593926128852,,unavailable
vmf_k10_seed29_trainC,vmf,vmf_k10,29,C,B,8,1518,1487,0.0759,0.07435,0,0,0,30,1518.7938538639519,1736.9594221716823,,unavailable
vmf_k10_seed29_trainC,vmf,vmf_k10,29,C,B,9,2445,2553,0.12225,0.12765,0,0,0,30,2443.9273685239486,1459.486049891743,,unavailable
vmf_k20_seed11_trainC,vmf,vmf_k20,11,C,A,0,1125,1089,0.05625,0.05445,0,0,0,30,1124.6806355055087,1567.4693876244662,,unavailable
vmf_k20_seed11_trainC,vmf,vmf_k20,11,C,A,1,1731,1714,0.08655,0.0857,0,0,0,30,1730.730738957946,1149.4784758930377,,unavailable
vmf_k20_seed11_trainC,vmf,vmf_k20,11,C,A,2,998,1054,0.0499,0.0527,0,0,0,30,998.5920104649517,1490.4245095107542,,unavailable
vmf_k20_seed11_trainC,vmf,vmf_k20,11,C,A,3,1183,1252,0.05915,0.0626,0,0,0,30,1182.9748626745395,1530.5543746240812,,unavailable
vmf_k20_seed11_trainC,vmf,vmf_k20,11,C,A,4,1925,1953,0.09625,0.09765,0,0,0,30,1925.4474244873898,1388.4721712025687,,unavailable
vmf_k20_seed11_trainC,vmf,vmf_k20,11,C,A,5,1080,1041,0.054,0.05205,0,0,0,30,1079.6613251818655,1462.9771802217333,,unavailable
vmf_k20_seed11_trainC,vmf,vmf_k20,11,C,A,6,798,760,0.0399,0.038,0,0,0,30,797.9466121773854,1795.109204738628,,unavailable
vmf_k20_seed11_trainC,vmf,vmf_k20,11,C,A,7,1070,1056,0.0535,0.0528,0,0,0,30,1069.9688428605193,1474.26831702034,,unavailable
vmf_k20_seed11_trainC,vmf,vmf_k20,11,C,A,8,1169,1201,0.05845,0.06005,0,0,0,30,1169.1085458524467,1676.1551486914625,,unavailable
vmf_k20_seed11_trainC,vmf,vmf_k20,11,C,A,9,823,873,0.04115,0.04365,0,0,0,30,823.0283090865439,1871.696751489619,,unavailable
vmf_k20_seed11_trainC,vmf,vmf_k20,11,C,A,10,1209,1172,0.06045,0.0586,0,0,0,30,1209.15024458925,1194.9568625546503,,unavailable
vmf_k20_seed11_trainC,vmf,vmf_k20,11,C,A,11,1225,1198,0.06125,0.0599,0,0,0,30,1225.3172821542694,1310.5602010870628,,unavailable
vmf_k20_seed11_trainC,vmf,vmf_k20,11,C,A,12,397,400,0.01985,0.02,0,0,0,30,396.9864521965301,2029.1832550347078,,unavailable
vmf_k20_seed11_trainC,vmf,vmf_k20,11,C,A,13,589,586,0.02945,0.0293,0,0,0,30,588.8939628996638,2138.264870886881,,unavailable
vmf_k20_seed11_trainC,vmf,vmf_k20,11,C,A,14,194,202,0.0097,0.0101,0,0,0,30,193.99990792978159,3880.152873700011,,unavailable
vmf_k20_seed11_trainC,vmf,vmf_k20,11,C,A,15,1179,1127,0.05895,0.05635,0,0,0,30,1178.9347311170034,1594.1349221750202,,unavailable
vmf_k20_seed11_trainC,vmf,vmf_k20,11,C,A,16,668,685,0.0334,0.03425,0,0,0,30,667.9605505731457,1526.9141727741371,,unavailable
vmf_k20_seed11_trainC,vmf,vmf_k20,11,C,A,17,832,845,0.0416,0.04225,0,0,0,30,831.9912400882813,1588.9482523720965,,unavailable
vmf_k20_seed11_trainC,vmf,vmf_k20,11,C,A,18,865,838,0.04325,0.0419,0,0,0,30,864.7965988298133,1451.322130405656,,unavailable
vmf_k20_seed11_trainC,vmf,vmf_k20,11,C,A,19,940,954,0.047,0.0477,0,0,0,30,939.8297223731698,1896.4242941229645,,unavailable
vmf_k20_seed11_trainC,vmf,vmf_k20,11,C,B,0,1125,1092,0.05625,0.0546,0,0,0,30,1124.6806355055087,1567.4693876244662,,unavailable
vmf_k20_seed11_trainC,vmf,vmf_k20,11,C,B,1,1731,1723,0.08655,0.08615,0,0,0,30,1730.730738957946,1149.4784758930377,,unavailable
vmf_k20_seed11_trainC,vmf,vmf_k20,11,C,B,2,998,1025,0.0499,0.05125,0,0,0,30,998.5920104649517,1490.4245095107542,,unavailable
vmf_k20_seed11_trainC,vmf,vmf_k20,11,C,B,3,1183,1199,0.05915,0.05995,0,0,0,30,1182.9748626745395,1530.5543746240812,,unavailable
vmf_k20_seed11_trainC,vmf,vmf_k20,11,C,B,4,1925,1969,0.09625,0.09845,0,0,0,30,1925.4474244873898,1388.4721712025687,,unavailable
vmf_k20_seed11_trainC,vmf,vmf_k20,11,C,B,5,1080,971,0.054,0.04855,0,0,0,30,1079.6613251818655,1462.9771802217333,,unavailable
vmf_k20_seed11_trainC,vmf,vmf_k20,11,C,B,6,798,839,0.0399,0.04195,0,0,0,30,797.9466121773854,1795.109204738628,,unavailable
vmf_k20_seed11_trainC,vmf,vmf_k20,11,C,B,7,1070,1043,0.0535,0.05215,0,0,0,30,1069.9688428605193,1474.26831702034,,unavailable
vmf_k20_seed11_trainC,vmf,vmf_k20,11,C,B,8,1169,1154,0.05845,0.0577,0,0,0,30,1169.1085458524467,1676.1551486914625,,unavailable
vmf_k20_seed11_trainC,vmf,vmf_k20,11,C,B,9,823,845,0.04115,0.04225,0,0,0,30,823.0283090865439,1871.696751489619,,unavailable
vmf_k20_seed11_trainC,vmf,vmf_k20,11,C,B,10,1209,1235,0.06045,0.06175,0,0,0,30,1209.15024458925,1194.9568625546503,,unavailable
vmf_k20_seed11_trainC,vmf,vmf_k20,11,C,B,11,1225,1205,0.06125,0.06025,0,0,0,30,1225.3172821542694,1310.5602010870628,,unavailable
vmf_k20_seed11_trainC,vmf,vmf_k20,11,C,B,12,397,395,0.01985,0.01975,0,0,0,30,396.9864521965301,2029.1832550347078,,unavailable
vmf_k20_seed11_trainC,vmf,vmf_k20,11,C,B,13,589,607,0.02945,0.03035,0,0,0,30,588.8939628996638,2138.264870886881,,unavailable
vmf_k20_seed11_trainC,vmf,vmf_k20,11,C,B,14,194,197,0.0097,0.00985,0,0,0,30,193.99990792978159,3880.152873700011,,unavailable
vmf_k20_seed11_trainC,vmf,vmf_k20,11,C,B,15,1179,1163,0.05895,0.05815,0,0,0,30,1178.9347311170034,1594.1349221750202,,unavailable
vmf_k20_seed11_trainC,vmf,vmf_k20,11,C,B,16,668,691,0.0334,0.03455,0,0,0,30,667.9605505731457,1526.9141727741371,,unavailable
vmf_k20_seed11_trainC,vmf,vmf_k20,11,C,B,17,832,851,0.0416,0.04255,0,0,0,30,831.9912400882813,1588.9482523720965,,unavailable
vmf_k20_seed11_trainC,vmf,vmf_k20,11,C,B,18,865,872,0.04325,0.0436,0,0,0,30,864.7965988298133,1451.322130405656,,unavailable
vmf_k20_seed11_trainC,vmf,vmf_k20,11,C,B,19,940,924,0.047,0.0462,0,0,0,30,939.8297223731698,1896.4242941229645,,unavailable
vmf_k20_seed29_trainC,vmf,vmf_k20,29,C,A,0,958,944,0.0479,0.0472,0,0,0,30,958.1764569507545,1201.282016380139,,unavailable
vmf_k20_seed29_trainC,vmf,vmf_k20,29,C,A,1,735,743,0.03675,0.03715,0,0,0,30,734.8264027855715,1612.0278505240394,,unavailable
vmf_k20_seed29_trainC,vmf,vmf_k20,29,C,A,2,1306,1283,0.0653,0.06415,0,0,0,30,1306.0424053125873,1257.1082898097563,,unavailable
vmf_k20_seed29_trainC,vmf,vmf_k20,29,C,A,3,840,821,0.042,0.04105,0,0,0,30,839.9446719475098,1758.7991492886824,,unavailable
vmf_k20_seed29_trainC,vmf,vmf_k20,29,C,A,4,1126,1185,0.0563,0.05925,0,0,0,30,1126.2334929710057,1467.391163430717,,unavailable
vmf_k20_seed29_trainC,vmf,vmf_k20,29,C,A,5,630,655,0.0315,0.03275,0,0,0,30,629.975103531212,1659.1253370807412,,unavailable
vmf_k20_seed29_trainC,vmf,vmf_k20,29,C,A,6,1193,1154,0.05965,0.0577,0,0,0,30,1193.4063355902774,1203.661194906508,,unavailable
vmf_k20_seed29_trainC,vmf,vmf_k20,29,C,A,7,773,780,0.03865,0.039,0,0,0,30,772.9150325524624,1934.115759623249,,unavailable
vmf_k20_seed29_trainC,vmf,vmf_k20,29,C,A,8,985,1022,0.04925,0.0511,0,0,0,30,984.6068565606679,1715.9503999591823,,unavailable
vmf_k20_seed29_trainC,vmf,vmf_k20,29,C,A,9,194,200,0.0097,0.01,0,0,0,30,193.9973815938195,3880.1892500581257,,unavailable
vmf_k20_seed29_trainC,vmf,vmf_k20,29,C,A,10,1215,1157,0.06075,0.05785,0,0,0,30,1215.5149784460127,1557.813718501499,,unavailable
vmf_k20_seed29_trainC,vmf,vmf_k20,29,C,A,11,986,1016,0.0493,0.0508,0,0,0,30,985.8767547915058,1778.4319055529488,,unavailable
vmf_k20_seed29_trainC,vmf,vmf_k20,29,C,A,12,1048,1098,0.0524,0.0549,0,0,0,30,1048.1126091472868,1565.5416095301955,,unavailable
vmf_k20_seed29_trainC,vmf,vmf_k20,29,C,A,13,1297,1272,0.06485,0.0636,0,0,0,30,1298.220473200432,1401.2239532271913,,unavailable
vmf_k20_seed29_trainC,vmf,vmf_k20,29,C,A,14,634,612,0.0317,0.0306,0,0,0,30,633.9700361997935,1818.8420582215308,,unavailable
vmf_k20_seed29_trainC,vmf,vmf_k20,29,C,A,15,942,953,0.0471,0.04765,0,0,0,30,942.2285712853413,1916.4500100802622,,unavailable
vmf_k20_seed29_trainC,vmf,vmf_k20,29,C,A,16,1500,1469,0.075,0.07345,0,0,0,30,1498.912570570481,1473.7386592711882,,unavailable
vmf_k20_seed29_trainC,vmf,vmf_k20,29,C,A,17,1673,1716,0.08365,0.0858,0,0,0,30,1672.5292851270276,1274.2966503462465,,unavailable
vmf_k20_seed29_trainC,vmf,vmf_k20,29,C,A,18,804,796,0.0402,0.0398,0,0,0,30,803.877660385701,1490.0741422446188,,unavailable
vmf_k20_seed29_trainC,vmf,vmf_k20,29,C,A,19,1161,1124,0.05805,0.0562,0,0,0,30,1160.6329210505535,1569.796194118084,,unavailable
vmf_k20_seed29_trainC,vmf,vmf_k20,29,C,B,0,958,969,0.0479,0.04845,0,0,0,30,958.1764569507545,1201.282016380139,,unavailable
vmf_k20_seed29_trainC,vmf,vmf_k20,29,C,B,1,735,785,0.03675,0.03925,0,0,0,30,734.8264027855715,1612.0278505240394,,unavailable
vmf_k20_seed29_trainC,vmf,vmf_k20,29,C,B,2,1306,1286,0.0653,0.0643,0,0,0,30,1306.0424053125873,1257.1082898097563,,unavailable
vmf_k20_seed29_trainC,vmf,vmf_k20,29,C,B,3,840,871,0.042,0.04355,0,0,0,30,839.9446719475098,1758.7991492886824,,unavailable
vmf_k20_seed29_trainC,vmf,vmf_k20,29,C,B,4,1126,1140,0.0563,0.057,0,0,0,30,1126.2334929710057,1467.391163430717,,unavailable
vmf_k20_seed29_trainC,vmf,vmf_k20,29,C,B,5,630,640,0.0315,0.032,0,0,0,30,629.975103531212,1659.1253370807412,,unavailable
vmf_k20_seed29_trainC,vmf,vmf_k20,29,C,B,6,1193,1226,0.05965,0.0613,0,0,0,30,1193.4063355902774,1203.661194906508,,unavailable
vmf_k20_seed29_trainC,vmf,vmf_k20,29,C,B,7,773,771,0.03865,0.03855,0,0,0,30,772.9150325524624,1934.115759623249,,unavailable
vmf_k20_seed29_trainC,vmf,vmf_k20,29,C,B,8,985,994,0.04925,0.0497,0,0,0,30,984.6068565606679,1715.9503999591823,,unavailable
vmf_k20_seed29_trainC,vmf,vmf_k20,29,C,B,9,194,198,0.0097,0.0099,0,0,0,30,193.9973815938195,3880.1892500581257,,unavailable
vmf_k20_seed29_trainC,vmf,vmf_k20,29,C,B,10,1215,1173,0.06075,0.05865,0,0,0,30,1215.5149784460127,1557.813718501499,,unavailable
vmf_k20_seed29_trainC,vmf,vmf_k20,29,C,B,11,986,978,0.0493,0.0489,0,0,0,30,985.8767547915058,1778.4319055529488,,unavailable
vmf_k20_seed29_trainC,vmf,vmf_k20,29,C,B,12,1048,1075,0.0524,0.05375,0,0,0,30,1048.1126091472868,1565.5416095301955,,unavailable
vmf_k20_seed29_trainC,vmf,vmf_k20,29,C,B,13,1297,1200,0.06485,0.06,0,0,0,30,1298.220473200432,1401.2239532271913,,unavailable
vmf_k20_seed29_trainC,vmf,vmf_k20,29,C,B,14,634,607,0.0317,0.03035,0,0,0,30,633.9700361997935,1818.8420582215308,,unavailable
vmf_k20_seed29_trainC,vmf,vmf_k20,29,C,B,15,942,935,0.0471,0.04675,0,0,0,30,942.2285712853413,1916.4500100802622,,unavailable
vmf_k20_seed29_trainC,vmf,vmf_k20,29,C,B,16,1500,1522,0.075,0.0761,0,0,0,30,1498.912570570481,1473.7386592711882,,unavailable
vmf_k20_seed29_trainC,vmf,vmf_k20,29,C,B,17,1673,1705,0.08365,0.08525,0,0,0,30,1672.5292851270276,1274.2966503462465,,unavailable
vmf_k20_seed29_trainC,vmf,vmf_k20,29,C,B,18,804,794,0.0402,0.0397,0,0,0,30,803.877660385701,1490.0741422446188,,unavailable
vmf_k20_seed29_trainC,vmf,vmf_k20,29,C,B,19,1161,1131,0.05805,0.05655,0,0,0,30,1160.6329210505535,1569.796194118084,,unavailable
density_nn15_q0.5_trainC,density,density_nn15_q0.5,,C,A,0,9973,14074,0.49865,0.7037,0,0,0,30,,,,unavailable
density_nn15_q0.5_trainC,density,density_nn15_q0.5,,C,B,0,9973,13895,0.49865,0.69475,0,0,0,30,,,,unavailable
density_nn15_q0.8_trainC,density,density_nn15_q0.8,,C,A,0,3885,7312,0.19425,0.3656,0,0,0,30,,,,unavailable
density_nn15_q0.8_trainC,density,density_nn15_q0.8,,C,B,0,3885,7139,0.19425,0.35695,0,0,0,30,,,,unavailable
density_nn30_q0.5_trainC,density,density_nn30_q0.5,,C,A,0,10000,16562,0.5,0.8281,0,0,0,30,,,,unavailable
density_nn30_q0.5_trainC,density,density_nn30_q0.5,,C,B,0,10000,16420,0.5,0.821,0,0,0,30,,,,unavailable
density_nn30_q0.8_trainC,density,density_nn30_q0.8,,C,A,0,3985,10240,0.19925,0.512,0,0,0,30,,,,unavailable
density_nn30_q0.8_trainC,density,density_nn30_q0.8,,C,B,0,3985,9954,0.19925,0.4977,0,0,0,30,,,,unavailable
spherical_kmeans_k10_seed11_trainAB,spherical_kmeans,spherical_kmeans_k10,11,A+B,C,0,6252,3136,0.1563,0.1568,0,0,0,30,,,,unavailable
spherical_kmeans_k10_seed11_trainAB,spherical_kmeans,spherical_kmeans_k10,11,A+B,C,1,3876,1935,0.0969,0.09675,0,0,0,30,,,,unavailable
spherical_kmeans_k10_seed11_trainAB,spherical_kmeans,spherical_kmeans_k10,11,A+B,C,2,5026,2453,0.12565,0.12265,0,0,0,30,,,,unavailable
spherical_kmeans_k10_seed11_trainAB,spherical_kmeans,spherical_kmeans_k10,11,A+B,C,3,4342,2161,0.10855,0.10805,0,0,0,30,,,,unavailable
spherical_kmeans_k10_seed11_trainAB,spherical_kmeans,spherical_kmeans_k10,11,A+B,C,4,3660,1772,0.0915,0.0886,0,0,0,30,,,,unavailable
spherical_kmeans_k10_seed11_trainAB,spherical_kmeans,spherical_kmeans_k10,11,A+B,C,5,3272,1704,0.0818,0.0852,0,0,0,30,,,,unavailable
spherical_kmeans_k10_seed11_trainAB,spherical_kmeans,spherical_kmeans_k10,11,A+B,C,6,3814,1884,0.09535,0.0942,0,0,0,30,,,,unavailable
spherical_kmeans_k10_seed11_trainAB,spherical_kmeans,spherical_kmeans_k10,11,A+B,C,7,3549,1805,0.088725,0.09025,0,0,0,30,,,,unavailable
spherical_kmeans_k10_seed11_trainAB,spherical_kmeans,spherical_kmeans_k10,11,A+B,C,8,2350,1205,0.05875,0.06025,0,0,0,30,,,,unavailable
spherical_kmeans_k10_seed11_trainAB,spherical_kmeans,spherical_kmeans_k10,11,A+B,C,9,3859,1945,0.096475,0.09725,0,0,0,30,,,,unavailable
spherical_kmeans_k10_seed29_trainAB,spherical_kmeans,spherical_kmeans_k10,29,A+B,C,0,3388,1677,0.0847,0.08385,0,0,0,30,,,,unavailable
spherical_kmeans_k10_seed29_trainAB,spherical_kmeans,spherical_kmeans_k10,29,A+B,C,1,3741,1869,0.093525,0.09345,0,0,0,30,,,,unavailable
spherical_kmeans_k10_seed29_trainAB,spherical_kmeans,spherical_kmeans_k10,29,A+B,C,2,3793,1863,0.094825,0.09315,0,0,0,30,,,,unavailable
spherical_kmeans_k10_seed29_trainAB,spherical_kmeans,spherical_kmeans_k10,29,A+B,C,3,4521,2247,0.113025,0.11235,0,0,0,30,,,,unavailable
spherical_kmeans_k10_seed29_trainAB,spherical_kmeans,spherical_kmeans_k10,29,A+B,C,4,2635,1335,0.065875,0.06675,0,0,0,30,,,,unavailable
spherical_kmeans_k10_seed29_trainAB,spherical_kmeans,spherical_kmeans_k10,29,A+B,C,5,3452,1695,0.0863,0.08475,0,0,0,30,,,,unavailable
spherical_kmeans_k10_seed29_trainAB,spherical_kmeans,spherical_kmeans_k10,29,A+B,C,6,5740,2866,0.1435,0.1433,0,0,0,30,,,,unavailable
spherical_kmeans_k10_seed29_trainAB,spherical_kmeans,spherical_kmeans_k10,29,A+B,C,7,4889,2479,0.122225,0.12395,0,0,0,30,,,,unavailable
spherical_kmeans_k10_seed29_trainAB,spherical_kmeans,spherical_kmeans_k10,29,A+B,C,8,2685,1320,0.067125,0.066,0,0,0,30,,,,unavailable
spherical_kmeans_k10_seed29_trainAB,spherical_kmeans,spherical_kmeans_k10,29,A+B,C,9,5156,2649,0.1289,0.13245,0,0,0,30,,,,unavailable
spherical_kmeans_k20_seed11_trainAB,spherical_kmeans,spherical_kmeans_k20,11,A+B,C,0,3681,1883,0.092025,0.09415,0,0,0,30,,,,unavailable
spherical_kmeans_k20_seed11_trainAB,spherical_kmeans,spherical_kmeans_k20,11,A+B,C,1,1464,739,0.0366,0.03695,0,0,0,30,,,,unavailable
spherical_kmeans_k20_seed11_trainAB,spherical_kmeans,spherical_kmeans_k20,11,A+B,C,2,2191,1035,0.054775,0.05175,0,0,0,30,,,,unavailable
spherical_kmeans_k20_seed11_trainAB,spherical_kmeans,spherical_kmeans_k20,11,A+B,C,3,2197,1087,0.054925,0.05435,0,0,0,30,,,,unavailable
spherical_kmeans_k20_seed11_trainAB,spherical_kmeans,spherical_kmeans_k20,11,A+B,C,4,2214,1064,0.05535,0.0532,0,0,0,30,,,,unavailable
spherical_kmeans_k20_seed11_trainAB,spherical_kmeans,spherical_kmeans_k20,11,A+B,C,5,1355,686,0.033875,0.0343,0,0,0,30,,,,unavailable
spherical_kmeans_k20_seed11_trainAB,spherical_kmeans,spherical_kmeans_k20,11,A+B,C,6,1826,945,0.04565,0.04725,0,0,0,30,,,,unavailable
spherical_kmeans_k20_seed11_trainAB,spherical_kmeans,spherical_kmeans_k20,11,A+B,C,7,2862,1478,0.07155,0.0739,0,0,0,30,,,,unavailable
spherical_kmeans_k20_seed11_trainAB,spherical_kmeans,spherical_kmeans_k20,11,A+B,C,8,1389,719,0.034725,0.03595,0,0,0,30,,,,unavailable
spherical_kmeans_k20_seed11_trainAB,spherical_kmeans,spherical_kmeans_k20,11,A+B,C,9,1861,890,0.046525,0.0445,0,0,0,30,,,,unavailable
spherical_kmeans_k20_seed11_trainAB,spherical_kmeans,spherical_kmeans_k20,11,A+B,C,10,1370,683,0.03425,0.03415,0,0,0,30,,,,unavailable
spherical_kmeans_k20_seed11_trainAB,spherical_kmeans,spherical_kmeans_k20,11,A+B,C,11,1827,896,0.045675,0.0448,0,0,0,30,,,,unavailable
spherical_kmeans_k20_seed11_trainAB,spherical_kmeans,spherical_kmeans_k20,11,A+B,C,12,1491,790,0.037275,0.0395,0,0,0,30,,,,unavailable
spherical_kmeans_k20_seed11_trainAB,spherical_kmeans,spherical_kmeans_k20,11,A+B,C,13,1994,973,0.04985,0.04865,0,0,0,30,,,,unavailable
spherical_kmeans_k20_seed11_trainAB,spherical_kmeans,spherical_kmeans_k20,11,A+B,C,14,1307,641,0.032675,0.03205,0,0,0,30,,,,unavailable
spherical_kmeans_k20_seed11_trainAB,spherical_kmeans,spherical_kmeans_k20,11,A+B,C,15,2203,1149,0.055075,0.05745,0,0,0,30,,,,unavailable
spherical_kmeans_k20_seed11_trainAB,spherical_kmeans,spherical_kmeans_k20,11,A+B,C,16,2719,1369,0.067975,0.06845,0,0,0,30,,,,unavailable
spherical_kmeans_k20_seed11_trainAB,spherical_kmeans,spherical_kmeans_k20,11,A+B,C,17,2068,994,0.0517,0.0497,0,0,0,30,,,,unavailable
spherical_kmeans_k20_seed11_trainAB,spherical_kmeans,spherical_kmeans_k20,11,A+B,C,18,2854,1428,0.07135,0.0714,0,0,0,30,,,,unavailable
spherical_kmeans_k20_seed11_trainAB,spherical_kmeans,spherical_kmeans_k20,11,A+B,C,19,1127,551,0.028175,0.02755,0,0,0,30,,,,unavailable
spherical_kmeans_k20_seed29_trainAB,spherical_kmeans,spherical_kmeans_k20,29,A+B,C,0,1372,694,0.0343,0.0347,0,0,0,30,,,,unavailable
spherical_kmeans_k20_seed29_trainAB,spherical_kmeans,spherical_kmeans_k20,29,A+B,C,1,1903,910,0.047575,0.0455,0,0,0,30,,,,unavailable
spherical_kmeans_k20_seed29_trainAB,spherical_kmeans,spherical_kmeans_k20,29,A+B,C,2,1988,963,0.0497,0.04815,0,0,0,30,,,,unavailable
spherical_kmeans_k20_seed29_trainAB,spherical_kmeans,spherical_kmeans_k20,29,A+B,C,3,1526,801,0.03815,0.04005,0,0,0,30,,,,unavailable
spherical_kmeans_k20_seed29_trainAB,spherical_kmeans,spherical_kmeans_k20,29,A+B,C,4,1034,529,0.02585,0.02645,0,0,0,30,,,,unavailable
spherical_kmeans_k20_seed29_trainAB,spherical_kmeans,spherical_kmeans_k20,29,A+B,C,5,1481,756,0.037025,0.0378,0,0,0,30,,,,unavailable
spherical_kmeans_k20_seed29_trainAB,spherical_kmeans,spherical_kmeans_k20,29,A+B,C,6,2851,1416,0.071275,0.0708,0,0,0,30,,,,unavailable
spherical_kmeans_k20_seed29_trainAB,spherical_kmeans,spherical_kmeans_k20,29,A+B,C,7,2648,1271,0.0662,0.06355,0,0,0,30,,,,unavailable
spherical_kmeans_k20_seed29_trainAB,spherical_kmeans,spherical_kmeans_k20,29,A+B,C,8,1099,577,0.027475,0.02885,0,0,0,30,,,,unavailable
spherical_kmeans_k20_seed29_trainAB,spherical_kmeans,spherical_kmeans_k20,29,A+B,C,9,1415,722,0.035375,0.0361,0,0,0,30,,,,unavailable
spherical_kmeans_k20_seed29_trainAB,spherical_kmeans,spherical_kmeans_k20,29,A+B,C,10,2187,1129,0.054675,0.05645,0,0,0,30,,,,unavailable
spherical_kmeans_k20_seed29_trainAB,spherical_kmeans,spherical_kmeans_k20,29,A+B,C,11,4042,2056,0.10105,0.1028,0,0,0,30,,,,unavailable
spherical_kmeans_k20_seed29_trainAB,spherical_kmeans,spherical_kmeans_k20,29,A+B,C,12,1641,794,0.041025,0.0397,0,0,0,30,,,,unavailable
spherical_kmeans_k20_seed29_trainAB,spherical_kmeans,spherical_kmeans_k20,29,A+B,C,13,1894,895,0.04735,0.04475,0,0,0,30,,,,unavailable
spherical_kmeans_k20_seed29_trainAB,spherical_kmeans,spherical_kmeans_k20,29,A+B,C,14,2769,1384,0.069225,0.0692,0,0,0,30,,,,unavailable
spherical_kmeans_k20_seed29_trainAB,spherical_kmeans,spherical_kmeans_k20,29,A+B,C,15,1738,855,0.04345,0.04275,0,0,0,30,,,,unavailable
spherical_kmeans_k20_seed29_trainAB,spherical_kmeans,spherical_kmeans_k20,29,A+B,C,16,2201,1183,0.055025,0.05915,0,0,0,30,,,,unavailable
spherical_kmeans_k20_seed29_trainAB,spherical_kmeans,spherical_kmeans_k20,29,A+B,C,17,2038,1007,0.05095,0.05035,0,0,0,30,,,,unavailable
spherical_kmeans_k20_seed29_trainAB,spherical_kmeans,spherical_kmeans_k20,29,A+B,C,18,2784,1382,0.0696,0.0691,0,0,0,30,,,,unavailable
spherical_kmeans_k20_seed29_trainAB,spherical_kmeans,spherical_kmeans_k20,29,A+B,C,19,1389,676,0.034725,0.0338,0,0,0,30,,,,unavailable
vmf_k10_seed11_trainAB,vmf,vmf_k10,11,A+B,C,0,5837,2904,0.145925,0.1452,0,0,0,30,5835.830529417782,1405.8454403864926,,unavailable
vmf_k10_seed11_trainAB,vmf,vmf_k10,11,A+B,C,1,2415,1192,0.060375,0.0596,0,0,0,30,2412.612617878357,1686.2200878399676,,unavailable
vmf_k10_seed11_trainAB,vmf,vmf_k10,11,A+B,C,2,5373,2613,0.134325,0.13065,0,0,0,30,5378.518817999682,1327.3281748533361,,unavailable
vmf_k10_seed11_trainAB,vmf,vmf_k10,11,A+B,C,3,3559,1775,0.088975,0.08875,0,0,0,30,3561.150439898086,1620.071871178114,,unavailable
vmf_k10_seed11_trainAB,vmf,vmf_k10,11,A+B,C,4,4890,2451,0.12225,0.12255,0,0,0,30,4887.416160626424,1244.4428414578308,,unavailable
vmf_k10_seed11_trainAB,vmf,vmf_k10,11,A+B,C,5,4204,2184,0.1051,0.1092,0,0,0,30,4200.491610828326,1101.0230468753393,,unavailable
vmf_k10_seed11_trainAB,vmf,vmf_k10,11,A+B,C,6,3317,1663,0.082925,0.08315,0,0,0,30,3316.4988128247587,1638.3976152185999,,unavailable
vmf_k10_seed11_trainAB,vmf,vmf_k10,11,A+B,C,7,3358,1671,0.08395,0.08355,0,0,0,30,3356.96699624621,1615.27298784597,,unavailable
vmf_k10_seed11_trainAB,vmf,vmf_k10,11,A+B,C,8,2217,1151,0.055425,0.05755,0,0,0,30,2217.1357232938917,1564.8455384717122,,unavailable
vmf_k10_seed11_trainAB,vmf,vmf_k10,11,A+B,C,9,4830,2396,0.12075,0.1198,0,0,0,30,4833.3782909864885,1158.563222391634,,unavailable
vmf_k10_seed29_trainAB,vmf,vmf_k10,29,A+B,C,0,4681,2413,0.117025,0.12065,0,0,0,30,4683.469182182837,1127.389253467633,,unavailable
vmf_k10_seed29_trainAB,vmf,vmf_k10,29,A+B,C,1,2351,1150,0.058775,0.0575,0,0,0,30,2352.0045259336844,1685.8692513965307,,unavailable
vmf_k10_seed29_trainAB,vmf,vmf_k10,29,A+B,C,2,5764,2883,0.1441,0.14415,0,0,0,30,5762.8004218746455,1238.5294082676337,,unavailable
vmf_k10_seed29_trainAB,vmf,vmf_k10,29,A+B,C,3,3367,1683,0.084175,0.08415,0,0,0,30,3366.5782140814654,1647.160093867099,,unavailable
vmf_k10_seed29_trainAB,vmf,vmf_k10,29,A+B,C,4,2437,1254,0.060925,0.0627,0,0,0,30,2438.3530268105137,1557.8327210210296,,unavailable
vmf_k10_seed29_trainAB,vmf,vmf_k10,29,A+B,C,5,3066,1472,0.07665,0.0736,0,0,0,30,3066.454548791304,1447.656965085833,,unavailable
vmf_k10_seed29_trainAB,vmf,vmf_k10,29,A+B,C,6,5171,2620,0.129275,0.131,0,0,0,30,5170.895862951259,1567.1330890481095,,unavailable
vmf_k10_seed29_trainAB,vmf,vmf_k10,29,A+B,C,7,5772,2862,0.1443,0.1431,0,0,0,30,5767.53192516969,1413.569000815567,,unavailable
vmf_k10_seed29_trainAB,vmf,vmf_k10,29,A+B,C,8,2405,1185,0.060125,0.05925,0,0,0,30,2406.5290345238727,1477.8040959186742,,unavailable
vmf_k10_seed29_trainAB,vmf,vmf_k10,29,A+B,C,9,4986,2478,0.12465,0.1239,0,0,0,30,4985.383257680731,1160.745883210934,,unavailable
vmf_k20_seed11_trainAB,vmf,vmf_k20,11,A+B,C,0,3928,1989,0.0982,0.09945,0,0,0,30,3929.140861307364,1476.6631430632183,,unavailable
vmf_k20_seed11_trainAB,vmf,vmf_k20,11,A+B,C,1,2016,1041,0.0504,0.05205,0,0,0,30,2016.401650438638,1320.4274950781746,,unavailable
vmf_k20_seed11_trainAB,vmf,vmf_k20,11,A+B,C,2,2252,1074,0.0563,0.0537,0,0,0,30,2252.7415236107327,1547.96284271137,,unavailable
vmf_k20_seed11_trainAB,vmf,vmf_k20,11,A+B,C,3,2218,1100,0.05545,0.055,0,0,0,30,2220.104844239182,1498.0024802901264,,unavailable
vmf_k20_seed11_trainAB,vmf,vmf_k20,11,A+B,C,4,2171,1040,0.054275,0.052,0,0,0,30,2171.576577218986,1561.0393425307843,,unavailable
vmf_k20_seed11_trainAB,vmf,vmf_k20,11,A+B,C,5,1589,793,0.039725,0.03965,0,0,0,30,1589.3471459446012,1414.223320247663,,unavailable
vmf_k20_seed11_trainAB,vmf,vmf_k20,11,A+B,C,6,2060,1052,0.0515,0.0526,0,0,0,30,2060.215103520982,1420.3903073011575,,unavailable
vmf_k20_seed11_trainAB,vmf,vmf_k20,11,A+B,C,7,3320,1692,0.083,0.0846,0,0,0,30,3319.9971184320175,1304.5960162373813,,unavailable
vmf_k20_seed11_trainAB,vmf,vmf_k20,11,A+B,C,8,1168,616,0.0292,0.0308,0,0,0,30,1167.5157557944026,1614.3454034036693,,unavailable
vmf_k20_seed11_trainAB,vmf,vmf_k20,11,A+B,C,9,2103,1032,0.052575,0.0516,0,0,0,30,2102.87761250448,1191.023243252544,,unavailable
vmf_k20_seed11_trainAB,vmf,vmf_k20,11,A+B,C,10,1323,669,0.033075,0.03345,0,0,0,30,1323.080594915328,1536.5472082384063,,unavailable
vmf_k20_seed11_trainAB,vmf,vmf_k20,11,A+B,C,11,2281,1115,0.057025,0.05575,0,0,0,30,2276.361402841447,1231.3163093654027,,unavailable
vmf_k20_seed11_trainAB,vmf,vmf_k20,11,A+B,C,12,1293,661,0.032325,0.03305,0,0,0,30,1292.5161834779287,1755.046320020024,,unavailable
vmf_k20_seed11_trainAB,vmf,vmf_k20,11,A+B,C,13,1537,751,0.038425,0.03755,0,0,0,30,1538.5581347231891,1994.5010712704548,,unavailable
vmf_k20_seed11_trainAB,vmf,vmf_k20,11,A+B,C,14,407,195,0.010175,0.00975,0,0,0,30,406.980019041944,3711.653703662445,,unavailable
vmf_k20_seed11_trainAB,vmf,vmf_k20,11,A+B,C,15,2212,1140,0.0553,0.057,0,0,0,30,2212.4904368954617,1559.571933787692,,unavailable
vmf_k20_seed11_trainAB,vmf,vmf_k20,11,A+B,C,16,2803,1404,0.070075,0.0702,0,0,0,30,2801.365275436144,1620.6613863335895,,unavailable
vmf_k20_seed11_trainAB,vmf,vmf_k20,11,A+B,C,17,1792,872,0.0448,0.0436,0,0,0,30,1792.75452424464,1811.5131230108027,,unavailable
vmf_k20_seed11_trainAB,vmf,vmf_k20,11,A+B,C,18,2720,1368,0.068,0.0684,0,0,0,30,2719.1561309850035,1725.6049937584144,,unavailable
vmf_k20_seed11_trainAB,vmf,vmf_k20,11,A+B,C,19,807,396,0.020175,0.0198,0,0,0,30,806.819104427527,1867.7441886366353,,unavailable
vmf_k20_seed29_trainAB,vmf,vmf_k20,29,A+B,C,0,1795,920,0.044875,0.046,0,0,0,30,1794.76885179069,1447.0577993952472,,unavailable
vmf_k20_seed29_trainAB,vmf,vmf_k20,29,A+B,C,1,1669,800,0.041725,0.04,0,0,0,30,1670.0413180865442,1848.405880406636,,unavailable
vmf_k20_seed29_trainAB,vmf,vmf_k20,29,A+B,C,2,2041,997,0.051025,0.04985,0,0,0,30,2040.7529363066615,1514.968900614149,,unavailable
vmf_k20_seed29_trainAB,vmf,vmf_k20,29,A+B,C,3,982,490,0.02455,0.0245,0,0,0,30,981.6519873415099,1934.8663169940746,,unavailable
vmf_k20_seed29_trainAB,vmf,vmf_k20,29,A+B,C,4,732,394,0.0183,0.0197,0,0,0,30,731.8490669761088,1801.5906199357255,,unavailable
vmf_k20_seed29_trainAB,vmf,vmf_k20,29,A+B,C,5,2243,1149,0.056075,0.05745,0,0,0,30,2243.202557456678,1328.8072617617806,,unavailable
vmf_k20_seed29_trainAB,vmf,vmf_k20,29,A+B,C,6,2699,1321,0.067475,0.06605,0,0,0,30,2698.791411414747,1705.959242072261,,unavailable
vmf_k20_seed29_trainAB,vmf,vmf_k20,29,A+B,C,7,2606,1261,0.06515,0.06305,0,0,0,30,2605.6644998075135,1530.7936644157921,,unavailable
vmf_k20_seed29_trainAB,vmf,vmf_k20,29,A+B,C,8,999,523,0.024975,0.02615,0,0,0,30,998.6736855031977,1630.8355544574806,,unavailable
vmf_k20_seed29_trainAB,vmf,vmf_k20,29,A+B,C,9,1433,707,0.035825,0.03535,0,0,0,30,1432.7812737419752,1570.2266954508084,,unavailable
vmf_k20_seed29_trainAB,vmf,vmf_k20,29,A+B,C,10,2192,1134,0.0548,0.0567,0,0,0,30,2190.6061060937163,1559.9469019231726,,unavailable
vmf_k20_seed29_trainAB,vmf,vmf_k20,29,A+B,C,11,4120,2089,0.103,0.10445,0,0,0,30,4123.353111349568,1404.4746128313288,,unavailable
vmf_k20_seed29_trainAB,vmf,vmf_k20,29,A+B,C,12,2140,1046,0.0535,0.0523,0,0,0,30,2140.33612483639,1159.5491910610608,,unavailable
vmf_k20_seed29_trainAB,vmf,vmf_k20,29,A+B,C,13,1960,931,0.049,0.04655,0,0,0,30,1959.1410207374624,1607.285622133778,,unavailable
vmf_k20_seed29_trainAB,vmf,vmf_k20,29,A+B,C,14,2885,1416,0.072125,0.0708,0,0,0,30,2883.0279311691766,1622.8359501364325,,unavailable
vmf_k20_seed29_trainAB,vmf,vmf_k20,29,A+B,C,15,1689,818,0.042225,0.0409,0,0,0,30,1689.234031807222,1585.8833859259448,,unavailable
vmf_k20_seed29_trainAB,vmf,vmf_k20,29,A+B,C,16,2217,1176,0.055425,0.0588,0,0,0,30,2217.4000157662754,1419.4691006299656,,unavailable
vmf_k20_seed29_trainAB,vmf,vmf_k20,29,A+B,C,17,3032,1542,0.0758,0.0771,0,0,0,30,3034.0047535540007,1146.1720565609946,,unavailable
vmf_k20_seed29_trainAB,vmf,vmf_k20,29,A+B,C,18,2162,1088,0.05405,0.0544,0,0,0,30,2160.7210331644774,1801.911115336912,,unavailable
vmf_k20_seed29_trainAB,vmf,vmf_k20,29,A+B,C,19,404,198,0.0101,0.0099,0,0,0,30,403.9982830960885,3734.1140230568617,,unavailable
density_nn15_q0.5_trainAB,density,density_nn15_q0.5,,A+B,C,0,19998,13208,0.49995,0.6604,0,0,0,30,,,,unavailable
density_nn15_q0.8_trainAB,density,density_nn15_q0.8,,A+B,C,0,7810,6849,0.19525,0.34245,0,0,0,30,,,,unavailable
density_nn15_q0.8_trainAB,density,density_nn15_q0.8,,A+B,C,1,42,81,0.00105,0.00405,0,0,0,30,,,,unavailable
density_nn15_q0.8_trainAB,density,density_nn15_q0.8,,A+B,C,2,52,57,0.0013,0.00285,0,0,0,30,,,,unavailable
density_nn15_q0.8_trainAB,density,density_nn15_q0.8,,A+B,C,3,43,25,0.001075,0.00125,0,0,1,30,,,,unavailable
density_nn30_q0.5_trainAB,density,density_nn30_q0.5,,A+B,C,0,20000,15633,0.5,0.78165,0,0,0,30,,,,unavailable
density_nn30_q0.8_trainAB,density,density_nn30_q0.8,,A+B,C,0,7950,9215,0.19875,0.46075,0,0,0,30,,,,unavailable
density_nn30_q0.8_trainAB,density,density_nn30_q0.8,,A+B,C,1,43,27,0.001075,0.00135,0,0,1,30,,,,unavailable
spherical_kmeans_k10_seed11_trainAC,spherical_kmeans,spherical_kmeans_k10,11,A+C,B,0,5457,2795,0.136425,0.13975,0,0,0,30,,,,unavailable
spherical_kmeans_k10_seed11_trainAC,spherical_kmeans,spherical_kmeans_k10,11,A+C,B,1,5241,2638,0.131025,0.1319,0,0,0,30,,,,unavailable
spherical_kmeans_k10_seed11_trainAC,spherical_kmeans,spherical_kmeans_k10,11,A+C,B,2,2309,1165,0.057725,0.05825,0,0,0,30,,,,unavailable
spherical_kmeans_k10_seed11_trainAC,spherical_kmeans,spherical_kmeans_k10,11,A+C,B,3,4332,2121,0.1083,0.10605,0,0,0,30,,,,unavailable
spherical_kmeans_k10_seed11_trainAC,spherical_kmeans,spherical_kmeans_k10,11,A+C,B,4,4570,2254,0.11425,0.1127,0,0,0,30,,,,unavailable
spherical_kmeans_k10_seed11_trainAC,spherical_kmeans,spherical_kmeans_k10,11,A+C,B,5,3745,1860,0.093625,0.093,0,0,0,30,,,,unavailable
spherical_kmeans_k10_seed11_trainAC,spherical_kmeans,spherical_kmeans_k10,11,A+C,B,6,3877,1992,0.096925,0.0996,0,0,0,30,,,,unavailable
spherical_kmeans_k10_seed11_trainAC,spherical_kmeans,spherical_kmeans_k10,11,A+C,B,7,2577,1256,0.064425,0.0628,0,0,0,30,,,,unavailable
spherical_kmeans_k10_seed11_trainAC,spherical_kmeans,spherical_kmeans_k10,11,A+C,B,8,3966,1956,0.09915,0.0978,0,0,0,30,,,,unavailable
spherical_kmeans_k10_seed11_trainAC,spherical_kmeans,spherical_kmeans_k10,11,A+C,B,9,3926,1963,0.09815,0.09815,0,0,0,30,,,,unavailable
spherical_kmeans_k10_seed29_trainAC,spherical_kmeans,spherical_kmeans_k10,29,A+C,B,0,3908,1974,0.0977,0.0987,0,0,0,30,,,,unavailable
spherical_kmeans_k10_seed29_trainAC,spherical_kmeans,spherical_kmeans_k10,29,A+C,B,1,3198,1623,0.07995,0.08115,0,0,0,30,,,,unavailable
spherical_kmeans_k10_seed29_trainAC,spherical_kmeans,spherical_kmeans_k10,29,A+C,B,2,4727,2388,0.118175,0.1194,0,0,0,30,,,,unavailable
spherical_kmeans_k10_seed29_trainAC,spherical_kmeans,spherical_kmeans_k10,29,A+C,B,3,4257,2069,0.106425,0.10345,0,0,0,30,,,,unavailable
spherical_kmeans_k10_seed29_trainAC,spherical_kmeans,spherical_kmeans_k10,29,A+C,B,4,3767,1866,0.094175,0.0933,0,0,0,30,,,,unavailable
spherical_kmeans_k10_seed29_trainAC,spherical_kmeans,spherical_kmeans_k10,29,A+C,B,5,4523,2285,0.113075,0.11425,0,0,0,30,,,,unavailable
spherical_kmeans_k10_seed29_trainAC,spherical_kmeans,spherical_kmeans_k10,29,A+C,B,6,3656,1857,0.0914,0.09285,0,0,0,30,,,,unavailable
spherical_kmeans_k10_seed29_trainAC,spherical_kmeans,spherical_kmeans_k10,29,A+C,B,7,6510,3226,0.16275,0.1613,0,0,0,30,,,,unavailable
spherical_kmeans_k10_seed29_trainAC,spherical_kmeans,spherical_kmeans_k10,29,A+C,B,8,3077,1529,0.076925,0.07645,0,0,0,30,,,,unavailable
spherical_kmeans_k10_seed29_trainAC,spherical_kmeans,spherical_kmeans_k10,29,A+C,B,9,2377,1183,0.059425,0.05915,0,0,0,30,,,,unavailable
spherical_kmeans_k20_seed11_trainAC,spherical_kmeans,spherical_kmeans_k20,11,A+C,B,0,1836,941,0.0459,0.04705,0,0,0,30,,,,unavailable
spherical_kmeans_k20_seed11_trainAC,spherical_kmeans,spherical_kmeans_k20,11,A+C,B,1,2734,1395,0.06835,0.06975,0,0,0,30,,,,unavailable
spherical_kmeans_k20_seed11_trainAC,spherical_kmeans,spherical_kmeans_k20,11,A+C,B,2,1107,553,0.027675,0.02765,0,0,0,30,,,,unavailable
spherical_kmeans_k20_seed11_trainAC,spherical_kmeans,spherical_kmeans_k20,11,A+C,B,3,2496,1235,0.0624,0.06175,0,0,0,30,,,,unavailable
spherical_kmeans_k20_seed11_trainAC,spherical_kmeans,spherical_kmeans_k20,11,A+C,B,4,1912,971,0.0478,0.04855,0,0,0,30,,,,unavailable
spherical_kmeans_k20_seed11_trainAC,spherical_kmeans,spherical_kmeans_k20,11,A+C,B,5,2463,1195,0.061575,0.05975,0,0,0,30,,,,unavailable
spherical_kmeans_k20_seed11_trainAC,spherical_kmeans,spherical_kmeans_k20,11,A+C,B,6,1343,673,0.033575,0.03365,0,0,0,30,,,,unavailable
spherical_kmeans_k20_seed11_trainAC,spherical_kmeans,spherical_kmeans_k20,11,A+C,B,7,2921,1389,0.073025,0.06945,0,0,0,30,,,,unavailable
spherical_kmeans_k20_seed11_trainAC,spherical_kmeans,spherical_kmeans_k20,11,A+C,B,8,1260,601,0.0315,0.03005,0,0,0,30,,,,unavailable
spherical_kmeans_k20_seed11_trainAC,spherical_kmeans,spherical_kmeans_k20,11,A+C,B,9,1802,871,0.04505,0.04355,0,0,0,30,,,,unavailable
spherical_kmeans_k20_seed11_trainAC,spherical_kmeans,spherical_kmeans_k20,11,A+C,B,10,2675,1391,0.066875,0.06955,0,0,0,30,,,,unavailable
spherical_kmeans_k20_seed11_trainAC,spherical_kmeans,spherical_kmeans_k20,11,A+C,B,11,1933,986,0.048325,0.0493,0,0,0,30,,,,unavailable
spherical_kmeans_k20_seed11_trainAC,spherical_kmeans,spherical_kmeans_k20,11,A+C,B,12,2234,1111,0.05585,0.05555,0,0,0,30,,,,unavailable
spherical_kmeans_k20_seed11_trainAC,spherical_kmeans,spherical_kmeans_k20,11,A+C,B,13,1700,871,0.0425,0.04355,0,0,0,30,,,,unavailable
spherical_kmeans_k20_seed11_trainAC,spherical_kmeans,spherical_kmeans_k20,11,A+C,B,14,2927,1476,0.073175,0.0738,0,0,0,30,,,,unavailable
spherical_kmeans_k20_seed11_trainAC,spherical_kmeans,spherical_kmeans_k20,11,A+C,B,15,2266,1122,0.05665,0.0561,0,0,0,30,,,,unavailable
spherical_kmeans_k20_seed11_trainAC,spherical_kmeans,spherical_kmeans_k20,11,A+C,B,16,1691,849,0.042275,0.04245,0,0,0,30,,,,unavailable
spherical_kmeans_k20_seed11_trainAC,spherical_kmeans,spherical_kmeans_k20,11,A+C,B,17,1640,850,0.041,0.0425,0,0,0,30,,,,unavailable
spherical_kmeans_k20_seed11_trainAC,spherical_kmeans,spherical_kmeans_k20,11,A+C,B,18,1954,988,0.04885,0.0494,0,0,0,30,,,,unavailable
spherical_kmeans_k20_seed11_trainAC,spherical_kmeans,spherical_kmeans_k20,11,A+C,B,19,1106,532,0.02765,0.0266,0,0,0,30,,,,unavailable
spherical_kmeans_k20_seed29_trainAC,spherical_kmeans,spherical_kmeans_k20,29,A+C,B,0,1278,610,0.03195,0.0305,0,0,0,30,,,,unavailable
spherical_kmeans_k20_seed29_trainAC,spherical_kmeans,spherical_kmeans_k20,29,A+C,B,1,2044,1007,0.0511,0.05035,0,0,0,30,,,,unavailable
spherical_kmeans_k20_seed29_trainAC,spherical_kmeans,spherical_kmeans_k20,29,A+C,B,2,2199,1093,0.054975,0.05465,0,0,0,30,,,,unavailable
spherical_kmeans_k20_seed29_trainAC,spherical_kmeans,spherical_kmeans_k20,29,A+C,B,3,1400,688,0.035,0.0344,0,0,0,30,,,,unavailable
spherical_kmeans_k20_seed29_trainAC,spherical_kmeans,spherical_kmeans_k20,29,A+C,B,4,1980,998,0.0495,0.0499,0,0,0,30,,,,unavailable
spherical_kmeans_k20_seed29_trainAC,spherical_kmeans,spherical_kmeans_k20,29,A+C,B,5,2347,1181,0.058675,0.05905,0,0,0,30,,,,unavailable
spherical_kmeans_k20_seed29_trainAC,spherical_kmeans,spherical_kmeans_k20,29,A+C,B,6,2694,1372,0.06735,0.0686,0,0,0,30,,,,unavailable
spherical_kmeans_k20_seed29_trainAC,spherical_kmeans,spherical_kmeans_k20,29,A+C,B,7,3052,1608,0.0763,0.0804,0,0,0,30,,,,unavailable
spherical_kmeans_k20_seed29_trainAC,spherical_kmeans,spherical_kmeans_k20,29,A+C,B,8,1419,695,0.035475,0.03475,0,0,0,30,,,,unavailable
spherical_kmeans_k20_seed29_trainAC,spherical_kmeans,spherical_kmeans_k20,29,A+C,B,9,2126,1067,0.05315,0.05335,0,0,0,30,,,,unavailable
spherical_kmeans_k20_seed29_trainAC,spherical_kmeans,spherical_kmeans_k20,29,A+C,B,10,2181,1086,0.054525,0.0543,0,0,0,30,,,,unavailable
spherical_kmeans_k20_seed29_trainAC,spherical_kmeans,spherical_kmeans_k20,29,A+C,B,11,1996,936,0.0499,0.0468,0,0,0,30,,,,unavailable
spherical_kmeans_k20_seed29_trainAC,spherical_kmeans,spherical_kmeans_k20,29,A+C,B,12,1528,772,0.0382,0.0386,0,0,0,30,,,,unavailable
spherical_kmeans_k20_seed29_trainAC,spherical_kmeans,spherical_kmeans_k20,29,A+C,B,13,1625,830,0.040625,0.0415,0,0,0,30,,,,unavailable
spherical_kmeans_k20_seed29_trainAC,spherical_kmeans,spherical_kmeans_k20,29,A+C,B,14,2745,1374,0.068625,0.0687,0,0,0,30,,,,unavailable
spherical_kmeans_k20_seed29_trainAC,spherical_kmeans,spherical_kmeans_k20,29,A+C,B,15,1320,662,0.033,0.0331,0,0,0,30,,,,unavailable
spherical_kmeans_k20_seed29_trainAC,spherical_kmeans,spherical_kmeans_k20,29,A+C,B,16,2289,1165,0.057225,0.05825,0,0,0,30,,,,unavailable
spherical_kmeans_k20_seed29_trainAC,spherical_kmeans,spherical_kmeans_k20,29,A+C,B,17,2285,1132,0.057125,0.0566,0,0,0,30,,,,unavailable
spherical_kmeans_k20_seed29_trainAC,spherical_kmeans,spherical_kmeans_k20,29,A+C,B,18,2213,1093,0.055325,0.05465,0,0,0,30,,,,unavailable
spherical_kmeans_k20_seed29_trainAC,spherical_kmeans,spherical_kmeans_k20,29,A+C,B,19,1279,631,0.031975,0.03155,0,0,0,30,,,,unavailable
vmf_k10_seed11_trainAC,vmf,vmf_k10,11,A+C,B,0,5669,2903,0.141725,0.14515,0,0,0,30,5672.924318911119,1418.4564876248166,,unavailable
vmf_k10_seed11_trainAC,vmf,vmf_k10,11,A+C,B,1,5144,2554,0.1286,0.1277,0,0,0,30,5139.313693977132,1558.1631097423688,,unavailable
vmf_k10_seed11_trainAC,vmf,vmf_k10,11,A+C,B,2,409,200,0.010225,0.01,0,0,0,30,409.0413478281274,3702.641148957322,,unavailable
vmf_k10_seed11_trainAC,vmf,vmf_k10,11,A+C,B,3,3428,1691,0.0857,0.08455,0,0,0,30,3427.7909678102446,1649.9103171112124,,unavailable
vmf_k10_seed11_trainAC,vmf,vmf_k10,11,A+C,B,4,5535,2750,0.138375,0.1375,0,0,0,30,5532.928014806834,1307.7320441689653,,unavailable
vmf_k10_seed11_trainAC,vmf,vmf_k10,11,A+C,B,5,2524,1208,0.0631,0.0604,0,0,0,30,2522.5184049785807,1666.2830713157273,,unavailable
vmf_k10_seed11_trainAC,vmf,vmf_k10,11,A+C,B,6,4846,2482,0.12115,0.1241,0,0,0,30,4847.732139147658,1256.9379474933362,,unavailable
vmf_k10_seed11_trainAC,vmf,vmf_k10,11,A+C,B,7,2516,1225,0.0629,0.06125,0,0,0,30,2516.6136992330917,1557.225341283917,,unavailable
vmf_k10_seed11_trainAC,vmf,vmf_k10,11,A+C,B,8,4889,2456,0.122225,0.1228,0,0,0,30,4896.121938749644,1092.9287144588343,,unavailable
vmf_k10_seed11_trainAC,vmf,vmf_k10,11,A+C,B,9,5040,2531,0.126,0.12655,0,0,0,30,5035.0154745575655,1182.5457420870982,,unavailable
vmf_k10_seed29_trainAC,vmf,vmf_k10,29,A+C,B,0,4867,2419,0.121675,0.12095,0,0,0,30,4871.1855219448635,1196.4633287026847,,unavailable
vmf_k10_seed29_trainAC,vmf,vmf_k10,29,A+C,B,1,4523,2269,0.113075,0.11345,0,0,0,30,4519.986410065072,1072.4069206055594,,unavailable
vmf_k10_seed29_trainAC,vmf,vmf_k10,29,A+C,B,2,4937,2483,0.123425,0.12415,0,0,0,30,4941.584749805982,1343.5060462947408,,unavailable
vmf_k10_seed29_trainAC,vmf,vmf_k10,29,A+C,B,3,3396,1675,0.0849,0.08375,0,0,0,30,3394.2370267397737,1658.4750477519378,,unavailable
vmf_k10_seed29_trainAC,vmf,vmf_k10,29,A+C,B,4,3498,1747,0.08745,0.08735,0,0,0,30,3499.418889138595,1605.0773843297277,,unavailable
vmf_k10_seed29_trainAC,vmf,vmf_k10,29,A+C,B,5,5314,2692,0.13285,0.1346,0,0,0,30,5309.511735771735,1220.0365656411968,,unavailable
vmf_k10_seed29_trainAC,vmf,vmf_k10,29,A+C,B,6,3190,1569,0.07975,0.07845,0,0,0,30,3190.550292898595,1647.7698426976326,,unavailable
vmf_k10_seed29_trainAC,vmf,vmf_k10,29,A+C,B,7,5508,2810,0.1377,0.1405,0,0,0,30,5506.094593477571,1420.1140674959909,,unavailable
vmf_k10_seed29_trainAC,vmf,vmf_k10,29,A+C,B,8,2485,1209,0.062125,0.06045,0,0,0,30,2483.6393668109313,1680.9525766530917,,unavailable
vmf_k10_seed29_trainAC,vmf,vmf_k10,29,A+C,B,9,2282,1127,0.05705,0.05635,0,0,0,30,2283.7914133468835,1565.0251645725034,,unavailable
vmf_k20_seed11_trainAC,vmf,vmf_k20,11,A+C,B,0,1335,701,0.033375,0.03505,0,0,0,30,1335.9820252326615,1890.773402673709,,unavailable
vmf_k20_seed11_trainAC,vmf,vmf_k20,11,A+C,B,1,2713,1381,0.067825,0.06905,0,0,0,30,2712.0434628378953,1697.0411384697459,,unavailable
vmf_k20_seed11_trainAC,vmf,vmf_k20,11,A+C,B,2,398,197,0.00995,0.00985,0,0,0,30,397.98290251019716,3774.741998370224,,unavailable
vmf_k20_seed11_trainAC,vmf,vmf_k20,11,A+C,B,3,2017,1003,0.050425,0.05015,0,0,0,30,2017.7119046736323,1891.6650870203364,,unavailable
vmf_k20_seed11_trainAC,vmf,vmf_k20,11,A+C,B,4,2371,1229,0.059275,0.06145,0,0,0,30,2370.2803754584784,1202.4832585319675,,unavailable
vmf_k20_seed11_trainAC,vmf,vmf_k20,11,A+C,B,5,1983,960,0.049575,0.048,0,0,0,30,1981.042600698081,1786.0073650009963,,unavailable
vmf_k20_seed11_trainAC,vmf,vmf_k20,11,A+C,B,6,1230,599,0.03075,0.02995,0,0,0,30,1229.8334121876046,1841.6229345904628,,unavailable
vmf_k20_seed11_trainAC,vmf,vmf_k20,11,A+C,B,7,3340,1615,0.0835,0.08075,0,0,0,30,3337.2800511302303,1299.8549019854458,,unavailable
vmf_k20_seed11_trainAC,vmf,vmf_k20,11,A+C,B,8,1192,573,0.0298,0.02865,0,0,0,30,1192.168507386269,1637.62106126767,,unavailable
vmf_k20_seed11_trainAC,vmf,vmf_k20,11,A+C,B,9,2015,962,0.050375,0.0481,0,0,0,30,2016.3175594114578,1428.5148646193586,,unavailable
vmf_k20_seed11_trainAC,vmf,vmf_k20,11,A+C,B,10,3034,1567,0.07585,0.07835,0,0,0,30,3034.2359425834165,1466.2739616372323,,unavailable
vmf_k20_seed11_trainAC,vmf,vmf_k20,11,A+C,B,11,2642,1316,0.06605,0.0658,0,0,0,30,2642.6766248215567,1266.1790243828902,,unavailable
vmf_k20_seed11_trainAC,vmf,vmf_k20,11,A+C,B,12,2248,1124,0.0562,0.0562,0,0,0,30,2247.2175186200734,1504.827744288346,,unavailable
vmf_k20_seed11_trainAC,vmf,vmf_k20,11,A+C,B,13,1977,1005,0.049425,0.05025,0,0,0,30,1977.8915474918774,1195.6528562745268,,unavailable
vmf_k20_seed11_trainAC,vmf,vmf_k20,11,A+C,B,14,2880,1444,0.072,0.0722,0,0,0,30,2880.578629868228,1620.9671260779144,,unavailable
vmf_k20_seed11_trainAC,vmf,vmf_k20,11,A+C,B,15,2255,1118,0.056375,0.0559,0,0,0,30,2254.711753914904,1563.9465463167053,,unavailable
vmf_k20_seed11_trainAC,vmf,vmf_k20,11,A+C,B,16,1954,968,0.04885,0.0484,0,0,0,30,1954.819846483515,1406.9764690518673,,unavailable
vmf_k20_seed11_trainAC,vmf,vmf_k20,11,A+C,B,17,1496,780,0.0374,0.039,0,0,0,30,1496.0283177692927,1614.7291892287526,,unavailable
vmf_k20_seed11_trainAC,vmf,vmf_k20,11,A+C,B,18,1867,944,0.046675,0.0472,0,0,0,30,1868.0222466007892,1551.6652345787722,,unavailable
vmf_k20_seed11_trainAC,vmf,vmf_k20,11,A+C,B,19,1053,514,0.026325,0.0257,0,0,0,30,1053.174770319838,1611.4775642361274,,unavailable
vmf_k20_seed29_trainAC,vmf,vmf_k20,29,A+C,B,0,1176,570,0.0294,0.0285,0,0,0,30,1175.5655683032485,1582.9691166246962,,unavailable
vmf_k20_seed29_trainAC,vmf,vmf_k20,29,A+C,B,1,1785,875,0.044625,0.04375,0,0,0,30,1785.311086996444,1834.1526394233636,,unavailable
vmf_k20_seed29_trainAC,vmf,vmf_k20,29,A+C,B,2,2275,1119,0.056875,0.05595,0,0,0,30,2274.2219733196434,1543.4859798630237,,unavailable
vmf_k20_seed29_trainAC,vmf,vmf_k20,29,A+C,B,3,1119,553,0.027975,0.02765,0,0,0,30,1119.463936853341,1820.4433023548806,,unavailable
vmf_k20_seed29_trainAC,vmf,vmf_k20,29,A+C,B,4,1932,973,0.0483,0.04865,0,0,0,30,1932.7173363261506,1526.1372226101619,,unavailable
vmf_k20_seed29_trainAC,vmf,vmf_k20,29,A+C,B,5,2708,1404,0.0677,0.0702,0,0,0,30,2707.832758512823,1276.3031676616104,,unavailable
vmf_k20_seed29_trainAC,vmf,vmf_k20,29,A+C,B,6,2695,1356,0.067375,0.0678,0,0,0,30,2693.843860407459,1701.0032703318134,,unavailable
vmf_k20_seed29_trainAC,vmf,vmf_k20,29,A+C,B,7,3122,1617,0.07805,0.08085,0,0,0,30,3118.5478445800736,1455.8213197500304,,unavailable
vmf_k20_seed29_trainAC,vmf,vmf_k20,29,A+C,B,8,1504,741,0.0376,0.03705,0,0,0,30,1503.9072611160348,1463.6344983912886,,unavailable
vmf_k20_seed29_trainAC,vmf,vmf_k20,29,A+C,B,9,2219,1117,0.055475,0.05585,0,0,0,30,2219.559876873822,1486.5023479305137,,unavailable
vmf_k20_seed29_trainAC,vmf,vmf_k20,29,A+C,B,10,2228,1108,0.0557,0.0554,0,0,0,30,2228.096679914434,1566.8470647252382,,unavailable
vmf_k20_seed29_trainAC,vmf,vmf_k20,29,A+C,B,11,1198,576,0.02995,0.0288,0,0,0,30,1198.909857678193,1638.6327296093723,,unavailable
vmf_k20_seed29_trainAC,vmf,vmf_k20,29,A+C,B,12,3557,1749,0.088925,0.08745,0,0,0,30,3559.5989334178967,1267.9049521756517,,unavailable
vmf_k20_seed29_trainAC,vmf,vmf_k20,29,A+C,B,13,3015,1550,0.075375,0.0775,0,0,0,30,3015.675290049057,1044.053333181204,,unavailable
vmf_k20_seed29_trainAC,vmf,vmf_k20,29,A+C,B,14,2952,1462,0.0738,0.0731,0,0,0,30,2954.0676433414587,1612.6600355885837,,unavailable
vmf_k20_seed29_trainAC,vmf,vmf_k20,29,A+C,B,15,405,199,0.010125,0.00995,0,0,0,30,404.99990608754956,3727.6818854887706,,unavailable
vmf_k20_seed29_trainAC,vmf,vmf_k20,29,A+C,B,16,1397,735,0.034925,0.03675,0,0,0,30,1395.7628392714837,1866.5474787403202,,unavailable
vmf_k20_seed29_trainAC,vmf,vmf_k20,29,A+C,B,17,1878,900,0.04695,0.045,0,0,0,30,1875.9258156208343,1450.2105162637083,,unavailable
vmf_k20_seed29_trainAC,vmf,vmf_k20,29,A+C,B,18,1758,869,0.04395,0.04345,0,0,0,30,1758.6393102709158,1913.0220646098608,,unavailable
vmf_k20_seed29_trainAC,vmf,vmf_k20,29,A+C,B,19,1077,527,0.026925,0.02635,0,0,0,30,1077.352221059147,1853.613043912531,,unavailable
density_nn15_q0.5_trainAC,density,density_nn15_q0.5,,A+C,B,0,19998,13292,0.49995,0.6646,0,0,0,30,,,,unavailable
density_nn15_q0.8_trainAC,density,density_nn15_q0.8,,A+C,B,0,7705,6470,0.192625,0.3235,0,0,0,30,,,,unavailable
density_nn15_q0.8_trainAC,density,density_nn15_q0.8,,A+C,B,1,130,116,0.00325,0.0058,0,0,0,30,,,,unavailable
density_nn15_q0.8_trainAC,density,density_nn15_q0.8,,A+C,B,2,36,62,0.0009,0.0031,0,0,0,30,,,,unavailable
density_nn15_q0.8_trainAC,density,density_nn15_q0.8,,A+C,B,3,43,26,0.001075,0.0013,0,0,1,30,,,,unavailable
density_nn30_q0.5_trainAC,density,density_nn30_q0.5,,A+C,B,0,20000,15634,0.5,0.7817,0,0,0,30,,,,unavailable
density_nn30_q0.8_trainAC,density,density_nn30_q0.8,,A+C,B,0,7925,8950,0.198125,0.4475,0,0,0,30,,,,unavailable
density_nn30_q0.8_trainAC,density,density_nn30_q0.8,,A+C,B,1,30,71,0.00075,0.00355,0,0,0,30,,,,unavailable
density_nn30_q0.8_trainAC,density,density_nn30_q0.8,,A+C,B,2,43,28,0.001075,0.0014,0,0,1,30,,,,unavailable
spherical_kmeans_k10_seed11_trainBC,spherical_kmeans,spherical_kmeans_k10,11,B+C,A,0,2763,1306,0.069075,0.0653,0,0,0,30,,,,unavailable
spherical_kmeans_k10_seed11_trainBC,spherical_kmeans,spherical_kmeans_k10,11,B+C,A,1,5220,2685,0.1305,0.13425,0,0,0,30,,,,unavailable
spherical_kmeans_k10_seed11_trainBC,spherical_kmeans,spherical_kmeans_k10,11,B+C,A,2,4357,2280,0.108925,0.114,0,0,0,30,,,,unavailable
spherical_kmeans_k10_seed11_trainBC,spherical_kmeans,spherical_kmeans_k10,11,B+C,A,3,4687,2409,0.117175,0.12045,0,0,0,30,,,,unavailable
spherical_kmeans_k10_seed11_trainBC,spherical_kmeans,spherical_kmeans_k10,11,B+C,A,4,1973,969,0.049325,0.04845,0,0,0,30,,,,unavailable
spherical_kmeans_k10_seed11_trainBC,spherical_kmeans,spherical_kmeans_k10,11,B+C,A,5,3067,1554,0.076675,0.0777,0,0,0,30,,,,unavailable
spherical_kmeans_k10_seed11_trainBC,spherical_kmeans,spherical_kmeans_k10,11,B+C,A,6,5394,2680,0.13485,0.134,0,0,0,30,,,,unavailable
spherical_kmeans_k10_seed11_trainBC,spherical_kmeans,spherical_kmeans_k10,11,B+C,A,7,4435,2158,0.110875,0.1079,0,0,0,30,,,,unavailable
spherical_kmeans_k10_seed11_trainBC,spherical_kmeans,spherical_kmeans_k10,11,B+C,A,8,3871,1898,0.096775,0.0949,0,0,0,30,,,,unavailable
spherical_kmeans_k10_seed11_trainBC,spherical_kmeans,spherical_kmeans_k10,11,B+C,A,9,4233,2061,0.105825,0.10305,0,0,0,30,,,,unavailable
spherical_kmeans_k10_seed29_trainBC,spherical_kmeans,spherical_kmeans_k10,29,B+C,A,0,2893,1413,0.072325,0.07065,0,0,0,30,,,,unavailable
spherical_kmeans_k10_seed29_trainBC,spherical_kmeans,spherical_kmeans_k10,29,B+C,A,1,4725,2314,0.118125,0.1157,0,0,0,30,,,,unavailable
spherical_kmeans_k10_seed29_trainBC,spherical_kmeans,spherical_kmeans_k10,29,B+C,A,2,2669,1358,0.066725,0.0679,0,0,0,30,,,,unavailable
spherical_kmeans_k10_seed29_trainBC,spherical_kmeans,spherical_kmeans_k10,29,B+C,A,3,3793,1950,0.094825,0.0975,0,0,0,30,,,,unavailable
spherical_kmeans_k10_seed29_trainBC,spherical_kmeans,spherical_kmeans_k10,29,B+C,A,4,3899,1937,0.097475,0.09685,0,0,0,30,,,,unavailable
spherical_kmeans_k10_seed29_trainBC,spherical_kmeans,spherical_kmeans_k10,29,B+C,A,5,3262,1636,0.08155,0.0818,0,0,0,30,,,,unavailable
spherical_kmeans_k10_seed29_trainBC,spherical_kmeans,spherical_kmeans_k10,29,B+C,A,6,3798,1919,0.09495,0.09595,0,0,0,30,,,,unavailable
spherical_kmeans_k10_seed29_trainBC,spherical_kmeans,spherical_kmeans_k10,29,B+C,A,7,7559,3747,0.188975,0.18735,0,0,0,30,,,,unavailable
spherical_kmeans_k10_seed29_trainBC,spherical_kmeans,spherical_kmeans_k10,29,B+C,A,8,3391,1686,0.084775,0.0843,0,0,0,30,,,,unavailable
spherical_kmeans_k10_seed29_trainBC,spherical_kmeans,spherical_kmeans_k10,29,B+C,A,9,4011,2040,0.100275,0.102,0,0,0,30,,,,unavailable
spherical_kmeans_k20_seed11_trainBC,spherical_kmeans,spherical_kmeans_k20,11,B+C,A,0,1064,535,0.0266,0.02675,0,0,0,30,,,,unavailable
spherical_kmeans_k20_seed11_trainBC,spherical_kmeans,spherical_kmeans_k20,11,B+C,A,1,2446,1217,0.06115,0.06085,0,0,0,30,,,,unavailable
spherical_kmeans_k20_seed11_trainBC,spherical_kmeans,spherical_kmeans_k20,11,B+C,A,2,1665,839,0.041625,0.04195,0,0,0,30,,,,unavailable
spherical_kmeans_k20_seed11_trainBC,spherical_kmeans,spherical_kmeans_k20,11,B+C,A,3,2812,1451,0.0703,0.07255,0,0,0,30,,,,unavailable
spherical_kmeans_k20_seed11_trainBC,spherical_kmeans,spherical_kmeans_k20,11,B+C,A,4,1400,708,0.035,0.0354,0,0,0,30,,,,unavailable
spherical_kmeans_k20_seed11_trainBC,spherical_kmeans,spherical_kmeans_k20,11,B+C,A,5,2291,1195,0.057275,0.05975,0,0,0,30,,,,unavailable
spherical_kmeans_k20_seed11_trainBC,spherical_kmeans,spherical_kmeans_k20,11,B+C,A,6,2320,1154,0.058,0.0577,0,0,0,30,,,,unavailable
spherical_kmeans_k20_seed11_trainBC,spherical_kmeans,spherical_kmeans_k20,11,B+C,A,7,2189,1071,0.054725,0.05355,0,0,0,30,,,,unavailable
spherical_kmeans_k20_seed11_trainBC,spherical_kmeans,spherical_kmeans_k20,11,B+C,A,8,2357,1191,0.058925,0.05955,0,0,0,30,,,,unavailable
spherical_kmeans_k20_seed11_trainBC,spherical_kmeans,spherical_kmeans_k20,11,B+C,A,9,2035,1058,0.050875,0.0529,0,0,0,30,,,,unavailable
spherical_kmeans_k20_seed11_trainBC,spherical_kmeans,spherical_kmeans_k20,11,B+C,A,10,1978,1014,0.04945,0.0507,0,0,0,30,,,,unavailable
spherical_kmeans_k20_seed11_trainBC,spherical_kmeans,spherical_kmeans_k20,11,B+C,A,11,2036,1011,0.0509,0.05055,0,0,0,30,,,,unavailable
spherical_kmeans_k20_seed11_trainBC,spherical_kmeans,spherical_kmeans_k20,11,B+C,A,12,2176,1090,0.0544,0.0545,0,0,0,30,,,,unavailable
spherical_kmeans_k20_seed11_trainBC,spherical_kmeans,spherical_kmeans_k20,11,B+C,A,13,3047,1539,0.076175,0.07695,0,0,0,30,,,,unavailable
spherical_kmeans_k20_seed11_trainBC,spherical_kmeans,spherical_kmeans_k20,11,B+C,A,14,2164,1037,0.0541,0.05185,0,0,0,30,,,,unavailable
spherical_kmeans_k20_seed11_trainBC,spherical_kmeans,spherical_kmeans_k20,11,B+C,A,15,2262,1112,0.05655,0.0556,0,0,0,30,,,,unavailable
spherical_kmeans_k20_seed11_trainBC,spherical_kmeans,spherical_kmeans_k20,11,B+C,A,16,1162,589,0.02905,0.02945,0,0,0,30,,,,unavailable
spherical_kmeans_k20_seed11_trainBC,spherical_kmeans,spherical_kmeans_k20,11,B+C,A,17,1599,767,0.039975,0.03835,0,0,0,30,,,,unavailable
spherical_kmeans_k20_seed11_trainBC,spherical_kmeans,spherical_kmeans_k20,11,B+C,A,18,1893,905,0.047325,0.04525,0,0,0,30,,,,unavailable
spherical_kmeans_k20_seed11_trainBC,spherical_kmeans,spherical_kmeans_k20,11,B+C,A,19,1104,517,0.0276,0.02585,0,0,0,30,,,,unavailable
spherical_kmeans_k20_seed29_trainBC,spherical_kmeans,spherical_kmeans_k20,29,B+C,A,0,946,470,0.02365,0.0235,0,0,0,30,,,,unavailable
spherical_kmeans_k20_seed29_trainBC,spherical_kmeans,spherical_kmeans_k20,29,B+C,A,1,2269,1196,0.056725,0.0598,0,0,0,30,,,,unavailable
spherical_kmeans_k20_seed29_trainBC,spherical_kmeans,spherical_kmeans_k20,29,B+C,A,2,2332,1174,0.0583,0.0587,0,0,0,30,,,,unavailable
spherical_kmeans_k20_seed29_trainBC,spherical_kmeans,spherical_kmeans_k20,29,B+C,A,3,1330,647,0.03325,0.03235,0,0,0,30,,,,unavailable
spherical_kmeans_k20_seed29_trainBC,spherical_kmeans,spherical_kmeans_k20,29,B+C,A,4,2124,1076,0.0531,0.0538,0,0,0,30,,,,unavailable
spherical_kmeans_k20_seed29_trainBC,spherical_kmeans,spherical_kmeans_k20,29,B+C,A,5,2104,1041,0.0526,0.05205,0,0,0,30,,,,unavailable
spherical_kmeans_k20_seed29_trainBC,spherical_kmeans,spherical_kmeans_k20,29,B+C,A,6,2971,1479,0.074275,0.07395,0,0,0,30,,,,unavailable
spherical_kmeans_k20_seed29_trainBC,spherical_kmeans,spherical_kmeans_k20,29,B+C,A,7,1138,565,0.02845,0.02825,0,0,0,30,,,,unavailable
spherical_kmeans_k20_seed29_trainBC,spherical_kmeans,spherical_kmeans_k20,29,B+C,A,8,1106,527,0.02765,0.02635,0,0,0,30,,,,unavailable
spherical_kmeans_k20_seed29_trainBC,spherical_kmeans,spherical_kmeans_k20,29,B+C,A,9,2134,1090,0.05335,0.0545,0,0,0,30,,,,unavailable
spherical_kmeans_k20_seed29_trainBC,spherical_kmeans,spherical_kmeans_k20,29,B+C,A,10,2313,1143,0.057825,0.05715,0,0,0,30,,,,unavailable
spherical_kmeans_k20_seed29_trainBC,spherical_kmeans,spherical_kmeans_k20,29,B+C,A,11,1265,639,0.031625,0.03195,0,0,0,30,,,,unavailable
spherical_kmeans_k20_seed29_trainBC,spherical_kmeans,spherical_kmeans_k20,29,B+C,A,12,2052,982,0.0513,0.0491,0,0,0,30,,,,unavailable
spherical_kmeans_k20_seed29_trainBC,spherical_kmeans,spherical_kmeans_k20,29,B+C,A,13,1528,769,0.0382,0.03845,0,0,0,30,,,,unavailable
spherical_kmeans_k20_seed29_trainBC,spherical_kmeans,spherical_kmeans_k20,29,B+C,A,14,3292,1639,0.0823,0.08195,0,0,0,30,,,,unavailable
spherical_kmeans_k20_seed29_trainBC,spherical_kmeans,spherical_kmeans_k20,29,B+C,A,15,2811,1450,0.070275,0.0725,0,0,0,30,,,,unavailable
spherical_kmeans_k20_seed29_trainBC,spherical_kmeans,spherical_kmeans_k20,29,B+C,A,16,1914,940,0.04785,0.047,0,0,0,30,,,,unavailable
spherical_kmeans_k20_seed29_trainBC,spherical_kmeans,spherical_kmeans_k20,29,B+C,A,17,2047,964,0.051175,0.0482,0,0,0,30,,,,unavailable
spherical_kmeans_k20_seed29_trainBC,spherical_kmeans,spherical_kmeans_k20,29,B+C,A,18,2149,1108,0.053725,0.0554,0,0,0,30,,,,unavailable
spherical_kmeans_k20_seed29_trainBC,spherical_kmeans,spherical_kmeans_k20,29,B+C,A,19,2175,1101,0.054375,0.05505,0,0,0,30,,,,unavailable
vmf_k10_seed11_trainBC,vmf,vmf_k10,11,B+C,A,0,391,203,0.009775,0.01015,0,0,0,30,391.0002634324518,3842.260058643995,,unavailable
vmf_k10_seed11_trainBC,vmf,vmf_k10,11,B+C,A,1,5389,2720,0.134725,0.136,0,0,0,30,5385.542566967636,1533.3900575345613,,unavailable
vmf_k10_seed11_trainBC,vmf,vmf_k10,11,B+C,A,2,4381,2235,0.109525,0.11175,0,0,0,30,4383.6113177820835,1364.7226499689023,,unavailable
vmf_k10_seed11_trainBC,vmf,vmf_k10,11,B+C,A,3,3581,1811,0.089525,0.09055,0,0,0,30,3581.0353451397445,1645.2743471673434,,unavailable
vmf_k10_seed11_trainBC,vmf,vmf_k10,11,B+C,A,4,2944,1444,0.0736,0.0722,0,0,0,30,2946.0833935093906,1456.2435915281596,,unavailable
vmf_k10_seed11_trainBC,vmf,vmf_k10,11,B+C,A,5,2201,1177,0.055025,0.05885,0,0,0,30,2200.222832118384,1712.510649104414,,unavailable
vmf_k10_seed11_trainBC,vmf,vmf_k10,11,B+C,A,6,6220,3060,0.1555,0.153,0,0,0,30,6220.673540868544,1399.2338302060248,,unavailable
vmf_k10_seed11_trainBC,vmf,vmf_k10,11,B+C,A,7,2528,1263,0.0632,0.06315,0,0,0,30,2527.49871587586,1549.9442016749856,,unavailable
vmf_k10_seed11_trainBC,vmf,vmf_k10,11,B+C,A,8,5055,2547,0.126375,0.12735,0,0,0,30,5052.862754272839,1146.457713677048,,unavailable
vmf_k10_seed11_trainBC,vmf,vmf_k10,11,B+C,A,9,7310,3540,0.18275,0.177,0,0,0,30,7311.469270033071,1043.7462124307176,,unavailable
vmf_k10_seed29_trainBC,vmf,vmf_k10,29,B+C,A,0,2748,1376,0.0687,0.0688,0,0,0,30,2745.816167539297,1423.9385279293451,,unavailable
vmf_k10_seed29_trainBC,vmf,vmf_k10,29,B+C,A,1,6981,3429,0.174525,0.17145,0,0,0,30,6984.13628011926,1077.3989316861212,,unavailable
vmf_k10_seed29_trainBC,vmf,vmf_k10,29,B+C,A,2,2490,1263,0.06225,0.06315,0,0,0,30,2489.8983212867442,1441.4921802143415,,unavailable
vmf_k10_seed29_trainBC,vmf,vmf_k10,29,B+C,A,3,3019,1557,0.075475,0.07785,0,0,0,30,3019.9770238409546,1689.9480789262605,,unavailable
vmf_k10_seed29_trainBC,vmf,vmf_k10,29,B+C,A,4,3642,1811,0.09105,0.09055,0,0,0,30,3644.5064483420438,1579.7992390140723,,unavailable
vmf_k10_seed29_trainBC,vmf,vmf_k10,29,B+C,A,5,3071,1531,0.076775,0.07655,0,0,0,30,3074.4312087920875,1398.072238009603,,unavailable
vmf_k10_seed29_trainBC,vmf,vmf_k10,29,B+C,A,6,3372,1724,0.0843,0.0862,0,0,0,30,3371.0381082428507,1626.8220851199437,,unavailable
vmf_k10_seed29_trainBC,vmf,vmf_k10,29,B+C,A,7,7142,3522,0.17855,0.1761,0,0,0,30,7138.598650899964,1338.716451760855,,unavailable
vmf_k10_seed29_trainBC,vmf,vmf_k10,29,B+C,A,8,3166,1575,0.07915,0.07875,0,0,0,30,3164.5606883215464,1446.4335713969315,,unavailable
vmf_k10_seed29_trainBC,vmf,vmf_k10,29,B+C,A,9,4369,2212,0.109225,0.1106,0,0,0,30,4367.037102615258,1320.2808965038655,,unavailable
vmf_k20_seed11_trainBC,vmf,vmf_k20,11,B+C,A,0,387,201,0.009675,0.01005,0,0,0,30,387.0000003994358,3872.0733165089077,,unavailable
vmf_k20_seed11_trainBC,vmf,vmf_k20,11,B+C,A,1,2722,1389,0.06805,0.06945,0,0,0,30,2723.9647299047056,1674.1778692449436,,unavailable
vmf_k20_seed11_trainBC,vmf,vmf_k20,11,B+C,A,2,1905,961,0.047625,0.04805,0,0,0,30,1904.6390992296733,1410.4002903441888,,unavailable
vmf_k20_seed11_trainBC,vmf,vmf_k20,11,B+C,A,3,1964,997,0.0491,0.04985,0,0,0,30,1963.4094668388789,1904.0218511180224,,unavailable
vmf_k20_seed11_trainBC,vmf,vmf_k20,11,B+C,A,4,1424,692,0.0356,0.0346,0,0,0,30,1424.7396400407567,1642.1226941446903,,unavailable
vmf_k20_seed11_trainBC,vmf,vmf_k20,11,B+C,A,5,1858,985,0.04645,0.04925,0,0,0,30,1858.6429616456192,1785.917247569564,,unavailable
vmf_k20_seed11_trainBC,vmf,vmf_k20,11,B+C,A,6,1612,755,0.0403,0.03775,0,0,0,30,1611.7506365103193,1803.258538382363,,unavailable
vmf_k20_seed11_trainBC,vmf,vmf_k20,11,B+C,A,7,1901,938,0.047525,0.0469,0,0,0,30,1902.348581782597,1215.32951351353,,unavailable
vmf_k20_seed11_trainBC,vmf,vmf_k20,11,B+C,A,8,2217,1142,0.055425,0.0571,0,0,0,30,2216.0562741631966,1688.634136739637,,unavailable
vmf_k20_seed11_trainBC,vmf,vmf_k20,11,B+C,A,9,2636,1308,0.0659,0.0654,0,0,0,30,2634.3096158646035,1359.1718231516004,,unavailable
vmf_k20_seed11_trainBC,vmf,vmf_k20,11,B+C,A,10,1961,1011,0.049025,0.05055,0,0,0,30,1960.881228782857,1526.391168179633,,unavailable
vmf_k20_seed11_trainBC,vmf,vmf_k20,11,B+C,A,11,2690,1342,0.06725,0.0671,0,0,0,30,2691.6870001995558,1255.5249955050235,,unavailable
vmf_k20_seed11_trainBC,vmf,vmf_k20,11,B+C,A,12,2203,1111,0.055075,0.05555,0,0,0,30,2202.7248487167003,1518.8934427024371,,unavailable
vmf_k20_seed11_trainBC,vmf,vmf_k20,11,B+C,A,13,3153,1601,0.078825,0.08005,0,0,0,30,3150.529718489058,1286.4061317114663,,unavailable
vmf_k20_seed11_trainBC,vmf,vmf_k20,11,B+C,A,14,3021,1474,0.075525,0.0737,0,0,0,30,3018.9891396255034,1465.7839685386223,,unavailable
vmf_k20_seed11_trainBC,vmf,vmf_k20,11,B+C,A,15,2272,1117,0.0568,0.05585,0,0,0,30,2271.5169073142356,1561.1625477324064,,unavailable
vmf_k20_seed11_trainBC,vmf,vmf_k20,11,B+C,A,16,1078,558,0.02695,0.0279,0,0,0,30,1078.7957594850054,1898.4992362592686,,unavailable
vmf_k20_seed11_trainBC,vmf,vmf_k20,11,B+C,A,17,1614,784,0.04035,0.0392,0,0,0,30,1614.111896129759,1623.0544518932495,,unavailable
vmf_k20_seed11_trainBC,vmf,vmf_k20,11,B+C,A,18,2353,1127,0.058825,0.05635,0,0,0,30,2354.9899402770006,1210.6715368763425,,unavailable
vmf_k20_seed11_trainBC,vmf,vmf_k20,11,B+C,A,19,1029,507,0.025725,0.02535,0,0,0,30,1028.9125546005325,1606.154274302682,,unavailable
vmf_k20_seed29_trainBC,vmf,vmf_k20,29,B+C,A,0,770,393,0.01925,0.01965,0,0,0,30,770.3408731496219,1995.5733009797386,,unavailable
vmf_k20_seed29_trainBC,vmf,vmf_k20,29,B+C,A,1,1845,976,0.046125,0.0488,0,0,0,30,1845.0437331103003,1787.775372630167,,unavailable
vmf_k20_seed29_trainBC,vmf,vmf_k20,29,B+C,A,2,2218,1148,0.05545,0.0574,0,0,0,30,2218.942582325021,1580.6372780006823,,unavailable
vmf_k20_seed29_trainBC,vmf,vmf_k20,29,B+C,A,3,1092,539,0.0273,0.02695,0,0,0,30,1091.707998093637,1832.9613314365051,,unavailable
vmf_k20_seed29_trainBC,vmf,vmf_k20,29,B+C,A,4,2136,1071,0.0534,0.05355,0,0,0,30,2134.3789286437036,1534.2095139012727,,unavailable
vmf_k20_seed29_trainBC,vmf,vmf_k20,29,B+C,A,5,2852,1422,0.0713,0.0711,0,0,0,30,2856.239856520128,1265.2271284373035,,unavailable
vmf_k20_seed29_trainBC,vmf,vmf_k20,29,B+C,A,6,2757,1384,0.068925,0.0692,0,0,0,30,2757.31549459437,1692.4892125254942,,unavailable
vmf_k20_seed29_trainBC,vmf,vmf_k20,29,B+C,A,7,1108,561,0.0277,0.02805,0,0,0,30,1108.2876343912556,1603.3575202997886,,unavailable
vmf_k20_seed29_trainBC,vmf,vmf_k20,29,B+C,A,8,1052,503,0.0263,0.02515,0,0,0,30,1052.421688419978,1602.4517560146664,,unavailable
vmf_k20_seed29_trainBC,vmf,vmf_k20,29,B+C,A,9,2210,1122,0.05525,0.0561,0,0,0,30,2211.401240978342,1479.6951872460268,,unavailable
vmf_k20_seed29_trainBC,vmf,vmf_k20,29,B+C,A,10,2303,1147,0.057575,0.05735,0,0,0,30,2301.266532381647,1559.2206941965248,,unavailable
vmf_k20_seed29_trainBC,vmf,vmf_k20,29,B+C,A,11,1186,590,0.02965,0.0295,0,0,0,30,1186.37663404456,1616.2442791777062,,unavailable
vmf_k20_seed29_trainBC,vmf,vmf_k20,29,B+C,A,12,2564,1229,0.0641,0.06145,0,0,0,30,2562.5709767735257,1195.4012468064436,,unavailable
vmf_k20_seed29_trainBC,vmf,vmf_k20,29,B+C,A,13,1913,953,0.047825,0.04765,0,0,0,30,1914.8979328258536,1213.8470469553563,,unavailable
vmf_k20_seed29_trainBC,vmf,vmf_k20,29,B+C,A,14,2899,1409,0.072475,0.07045,0,0,0,30,2898.783477492805,1472.8900870910593,,unavailable
vmf_k20_seed29_trainBC,vmf,vmf_k20,29,B+C,A,15,2570,1304,0.06425,0.0652,0,0,0,30,2569.2355164460423,1679.5102838889163,,unavailable
vmf_k20_seed29_trainBC,vmf,vmf_k20,29,B+C,A,16,1977,992,0.049425,0.0496,0,0,0,30,1975.8515731886025,1415.187221100128,,unavailable
vmf_k20_seed29_trainBC,vmf,vmf_k20,29,B+C,A,17,1580,724,0.0395,0.0362,0,0,0,30,1579.7270082438333,1820.2724108361765,,unavailable
vmf_k20_seed29_trainBC,vmf,vmf_k20,29,B+C,A,18,1759,896,0.043975,0.0448,0,0,0,30,1761.1063133785465,1914.3741461778552,,unavailable
vmf_k20_seed29_trainBC,vmf,vmf_k20,29,B+C,A,19,3209,1637,0.080225,0.08185,0,0,0,30,3204.1040049982257,1287.0794454971287,,unavailable
density_nn15_q0.5_trainBC,density,density_nn15_q0.5,,B+C,A,0,19946,13480,0.49865,0.674,0,0,0,30,,,,unavailable
density_nn15_q0.5_trainBC,density,density_nn15_q0.5,,B+C,A,1,53,22,0.001325,0.0011,0,0,1,30,,,,unavailable
density_nn15_q0.8_trainBC,density,density_nn15_q0.8,,B+C,A,0,7569,6922,0.189225,0.3461,0,0,0,30,,,,unavailable
density_nn15_q0.8_trainBC,density,density_nn15_q0.8,,B+C,A,1,52,22,0.0013,0.0011,0,0,1,30,,,,unavailable
density_nn15_q0.8_trainBC,density,density_nn15_q0.8,,B+C,A,2,191,160,0.004775,0.008,0,0,0,30,,,,unavailable
density_nn15_q0.8_trainBC,density,density_nn15_q0.8,,B+C,A,3,48,70,0.0012,0.0035,0,0,0,30,,,,unavailable
density_nn15_q0.8_trainBC,density,density_nn15_q0.8,,B+C,A,4,40,57,0.001,0.00285,0,0,0,30,,,,unavailable
density_nn15_q0.8_trainBC,density,density_nn15_q0.8,,B+C,A,5,41,42,0.001025,0.0021,0,0,0,30,,,,unavailable
density_nn15_q0.8_trainBC,density,density_nn15_q0.8,,B+C,A,6,31,14,0.000775,0.0007,0,0,1,30,,,,unavailable
density_nn30_q0.5_trainBC,density,density_nn30_q0.5,,B+C,A,0,19999,15742,0.499975,0.7871,0,0,0,30,,,,unavailable
density_nn30_q0.8_trainBC,density,density_nn30_q0.8,,B+C,A,0,7870,9427,0.19675,0.47135,0,0,0,30,,,,unavailable
density_nn30_q0.8_trainBC,density,density_nn30_q0.8,,B+C,A,1,52,23,0.0013,0.00115,0,0,1,30,,,,unavailable
density_nn30_q0.8_trainBC,density,density_nn30_q0.8,,B+C,A,2,45,75,0.001125,0.00375,0,0,0,30,,,,unavailable
density_nn30_q0.8_trainBC,density,density_nn30_q0.8,,B+C,A,3,30,50,0.00075,0.0025,0,0,0,30,,,,unavailable
